ISO-10303-21;
HEADER;
/* Generated by software containing ST-Developer
 * from STEP Tools, Inc. (www.steptools.com) 
 */

FILE_DESCRIPTION(
/* description */ (''),
/* implementation_level */ '2;1');

FILE_NAME(
/* name */ 'Hauptgehase PAR.step',
/* time_stamp */ '2026-09-19T12:20:03+02:00',
/* author */ (''),
/* organization */ (''),
/* preprocessor_version */ 'ST-DEVELOPER v20.1',
/* originating_system */ 'Autodesk Translation Framework v15.8.0.0',
/* authorisation */ '');

FILE_SCHEMA (('AUTOMOTIVE_DESIGN { 1 0 10303 214 3 1 1 }'));
ENDSEC;

DATA;
#10=MECHANICAL_DESIGN_GEOMETRIC_PRESENTATION_REPRESENTATION('',(#13),#3558);
#11=SHAPE_REPRESENTATION_RELATIONSHIP('SRR','None',#3565,#12);
#12=ADVANCED_BREP_SHAPE_REPRESENTATION('',(#14),#3557);
#13=STYLED_ITEM('',(#3574),#14);
#14=MANIFOLD_SOLID_BREP('K\X\F6rper6',#2169);
#15=ELLIPSE('',#2219,10.6066017177982,7.5);
#16=ELLIPSE('',#2222,10.6066017177982,7.5);
#17=ELLIPSE('',#2224,10.6066017177982,7.5);
#18=ELLIPSE('',#2225,10.6066017177982,7.5);
#19=ELLIPSE('',#2230,10.6066017177982,7.5);
#20=ELLIPSE('',#2235,10.6066017177982,7.5);
#21=FACE_BOUND('',#269,.T.);
#22=FACE_BOUND('',#271,.T.);
#23=FACE_BOUND('',#272,.T.);
#24=FACE_BOUND('',#273,.T.);
#25=FACE_BOUND('',#274,.T.);
#26=FACE_BOUND('',#275,.T.);
#27=FACE_BOUND('',#277,.T.);
#28=FACE_BOUND('',#289,.T.);
#29=FACE_BOUND('',#297,.T.);
#30=FACE_BOUND('',#302,.T.);
#31=FACE_BOUND('',#310,.T.);
#32=FACE_BOUND('',#328,.T.);
#33=FACE_BOUND('',#332,.T.);
#34=FACE_BOUND('',#335,.T.);
#35=FACE_BOUND('',#347,.T.);
#36=FACE_BOUND('',#355,.T.);
#37=FACE_BOUND('',#363,.T.);
#38=FACE_BOUND('',#371,.T.);
#39=FACE_BOUND('',#374,.T.);
#40=FACE_BOUND('',#375,.T.);
#41=FACE_BOUND('',#376,.T.);
#42=FACE_BOUND('',#377,.T.);
#43=FACE_BOUND('',#378,.T.);
#44=FACE_BOUND('',#379,.T.);
#45=FACE_BOUND('',#380,.T.);
#46=FACE_BOUND('',#381,.T.);
#47=FACE_BOUND('',#392,.T.);
#48=FACE_BOUND('',#394,.T.);
#49=FACE_BOUND('',#396,.T.);
#50=FACE_BOUND('',#398,.T.);
#51=FACE_BOUND('',#403,.T.);
#52=FACE_BOUND('',#404,.T.);
#53=FACE_BOUND('',#405,.T.);
#54=FACE_BOUND('',#406,.T.);
#55=PLANE('',#2186);
#56=PLANE('',#2190);
#57=PLANE('',#2194);
#58=PLANE('',#2198);
#59=PLANE('',#2199);
#60=PLANE('',#2200);
#61=PLANE('',#2201);
#62=PLANE('',#2202);
#63=PLANE('',#2203);
#64=PLANE('',#2214);
#65=PLANE('',#2231);
#66=PLANE('',#2232);
#67=PLANE('',#2236);
#68=PLANE('',#2237);
#69=PLANE('',#2238);
#70=PLANE('',#2239);
#71=PLANE('',#2240);
#72=PLANE('',#2241);
#73=PLANE('',#2254);
#74=PLANE('',#2255);
#75=PLANE('',#2256);
#76=PLANE('',#2257);
#77=PLANE('',#2258);
#78=PLANE('',#2259);
#79=PLANE('',#2260);
#80=PLANE('',#2261);
#81=PLANE('',#2262);
#82=PLANE('',#2263);
#83=PLANE('',#2264);
#84=PLANE('',#2265);
#85=PLANE('',#2266);
#86=PLANE('',#2267);
#87=PLANE('',#2268);
#88=PLANE('',#2269);
#89=PLANE('',#2270);
#90=PLANE('',#2271);
#91=PLANE('',#2272);
#92=PLANE('',#2273);
#93=PLANE('',#2274);
#94=PLANE('',#2275);
#95=PLANE('',#2276);
#96=PLANE('',#2277);
#97=PLANE('',#2278);
#98=PLANE('',#2279);
#99=PLANE('',#2280);
#100=PLANE('',#2284);
#101=PLANE('',#2291);
#102=PLANE('',#2295);
#103=PLANE('',#2304);
#104=PLANE('',#2305);
#105=PLANE('',#2306);
#106=PLANE('',#2307);
#107=PLANE('',#2308);
#108=PLANE('',#2309);
#109=PLANE('',#2310);
#110=PLANE('',#2311);
#111=PLANE('',#2312);
#112=PLANE('',#2313);
#113=PLANE('',#2314);
#114=PLANE('',#2315);
#115=PLANE('',#2316);
#116=PLANE('',#2317);
#117=PLANE('',#2318);
#118=PLANE('',#2319);
#119=PLANE('',#2320);
#120=PLANE('',#2321);
#121=PLANE('',#2322);
#122=PLANE('',#2323);
#123=PLANE('',#2324);
#124=PLANE('',#2325);
#125=PLANE('',#2326);
#126=PLANE('',#2327);
#127=PLANE('',#2328);
#128=PLANE('',#2329);
#129=PLANE('',#2330);
#130=PLANE('',#2331);
#131=PLANE('',#2334);
#132=PLANE('',#2338);
#133=PLANE('',#2343);
#134=PLANE('',#2344);
#135=PLANE('',#2348);
#136=PLANE('',#2349);
#137=PLANE('',#2350);
#138=PLANE('',#2351);
#139=PLANE('',#2352);
#140=PLANE('',#2356);
#141=FACE_OUTER_BOUND('',#257,.T.);
#142=FACE_OUTER_BOUND('',#258,.T.);
#143=FACE_OUTER_BOUND('',#259,.T.);
#144=FACE_OUTER_BOUND('',#260,.T.);
#145=FACE_OUTER_BOUND('',#261,.T.);
#146=FACE_OUTER_BOUND('',#262,.T.);
#147=FACE_OUTER_BOUND('',#263,.T.);
#148=FACE_OUTER_BOUND('',#264,.T.);
#149=FACE_OUTER_BOUND('',#265,.T.);
#150=FACE_OUTER_BOUND('',#266,.T.);
#151=FACE_OUTER_BOUND('',#267,.T.);
#152=FACE_OUTER_BOUND('',#268,.T.);
#153=FACE_OUTER_BOUND('',#270,.T.);
#154=FACE_OUTER_BOUND('',#276,.T.);
#155=FACE_OUTER_BOUND('',#278,.T.);
#156=FACE_OUTER_BOUND('',#279,.T.);
#157=FACE_OUTER_BOUND('',#280,.T.);
#158=FACE_OUTER_BOUND('',#281,.T.);
#159=FACE_OUTER_BOUND('',#282,.T.);
#160=FACE_OUTER_BOUND('',#283,.T.);
#161=FACE_OUTER_BOUND('',#284,.T.);
#162=FACE_OUTER_BOUND('',#285,.T.);
#163=FACE_OUTER_BOUND('',#286,.T.);
#164=FACE_OUTER_BOUND('',#287,.T.);
#165=FACE_OUTER_BOUND('',#288,.T.);
#166=FACE_OUTER_BOUND('',#290,.T.);
#167=FACE_OUTER_BOUND('',#291,.T.);
#168=FACE_OUTER_BOUND('',#292,.T.);
#169=FACE_OUTER_BOUND('',#293,.T.);
#170=FACE_OUTER_BOUND('',#294,.T.);
#171=FACE_OUTER_BOUND('',#295,.T.);
#172=FACE_OUTER_BOUND('',#296,.T.);
#173=FACE_OUTER_BOUND('',#298,.T.);
#174=FACE_OUTER_BOUND('',#299,.T.);
#175=FACE_OUTER_BOUND('',#300,.T.);
#176=FACE_OUTER_BOUND('',#301,.T.);
#177=FACE_OUTER_BOUND('',#303,.T.);
#178=FACE_OUTER_BOUND('',#304,.T.);
#179=FACE_OUTER_BOUND('',#305,.T.);
#180=FACE_OUTER_BOUND('',#306,.T.);
#181=FACE_OUTER_BOUND('',#307,.T.);
#182=FACE_OUTER_BOUND('',#308,.T.);
#183=FACE_OUTER_BOUND('',#309,.T.);
#184=FACE_OUTER_BOUND('',#311,.T.);
#185=FACE_OUTER_BOUND('',#312,.T.);
#186=FACE_OUTER_BOUND('',#313,.T.);
#187=FACE_OUTER_BOUND('',#314,.T.);
#188=FACE_OUTER_BOUND('',#315,.T.);
#189=FACE_OUTER_BOUND('',#316,.T.);
#190=FACE_OUTER_BOUND('',#317,.T.);
#191=FACE_OUTER_BOUND('',#318,.T.);
#192=FACE_OUTER_BOUND('',#319,.T.);
#193=FACE_OUTER_BOUND('',#320,.T.);
#194=FACE_OUTER_BOUND('',#321,.T.);
#195=FACE_OUTER_BOUND('',#322,.T.);
#196=FACE_OUTER_BOUND('',#323,.T.);
#197=FACE_OUTER_BOUND('',#324,.T.);
#198=FACE_OUTER_BOUND('',#325,.T.);
#199=FACE_OUTER_BOUND('',#326,.T.);
#200=FACE_OUTER_BOUND('',#327,.T.);
#201=FACE_OUTER_BOUND('',#329,.T.);
#202=FACE_OUTER_BOUND('',#330,.T.);
#203=FACE_OUTER_BOUND('',#331,.T.);
#204=FACE_OUTER_BOUND('',#333,.T.);
#205=FACE_OUTER_BOUND('',#334,.T.);
#206=FACE_OUTER_BOUND('',#336,.T.);
#207=FACE_OUTER_BOUND('',#337,.T.);
#208=FACE_OUTER_BOUND('',#338,.T.);
#209=FACE_OUTER_BOUND('',#339,.T.);
#210=FACE_OUTER_BOUND('',#340,.T.);
#211=FACE_OUTER_BOUND('',#341,.T.);
#212=FACE_OUTER_BOUND('',#342,.T.);
#213=FACE_OUTER_BOUND('',#343,.T.);
#214=FACE_OUTER_BOUND('',#344,.T.);
#215=FACE_OUTER_BOUND('',#345,.T.);
#216=FACE_OUTER_BOUND('',#346,.T.);
#217=FACE_OUTER_BOUND('',#348,.T.);
#218=FACE_OUTER_BOUND('',#349,.T.);
#219=FACE_OUTER_BOUND('',#350,.T.);
#220=FACE_OUTER_BOUND('',#351,.T.);
#221=FACE_OUTER_BOUND('',#352,.T.);
#222=FACE_OUTER_BOUND('',#353,.T.);
#223=FACE_OUTER_BOUND('',#354,.T.);
#224=FACE_OUTER_BOUND('',#356,.T.);
#225=FACE_OUTER_BOUND('',#357,.T.);
#226=FACE_OUTER_BOUND('',#358,.T.);
#227=FACE_OUTER_BOUND('',#359,.T.);
#228=FACE_OUTER_BOUND('',#360,.T.);
#229=FACE_OUTER_BOUND('',#361,.T.);
#230=FACE_OUTER_BOUND('',#362,.T.);
#231=FACE_OUTER_BOUND('',#364,.T.);
#232=FACE_OUTER_BOUND('',#365,.T.);
#233=FACE_OUTER_BOUND('',#366,.T.);
#234=FACE_OUTER_BOUND('',#367,.T.);
#235=FACE_OUTER_BOUND('',#368,.T.);
#236=FACE_OUTER_BOUND('',#369,.T.);
#237=FACE_OUTER_BOUND('',#370,.T.);
#238=FACE_OUTER_BOUND('',#372,.T.);
#239=FACE_OUTER_BOUND('',#373,.T.);
#240=FACE_OUTER_BOUND('',#382,.T.);
#241=FACE_OUTER_BOUND('',#383,.T.);
#242=FACE_OUTER_BOUND('',#384,.T.);
#243=FACE_OUTER_BOUND('',#385,.T.);
#244=FACE_OUTER_BOUND('',#386,.T.);
#245=FACE_OUTER_BOUND('',#387,.T.);
#246=FACE_OUTER_BOUND('',#388,.T.);
#247=FACE_OUTER_BOUND('',#389,.T.);
#248=FACE_OUTER_BOUND('',#390,.T.);
#249=FACE_OUTER_BOUND('',#391,.T.);
#250=FACE_OUTER_BOUND('',#393,.T.);
#251=FACE_OUTER_BOUND('',#395,.T.);
#252=FACE_OUTER_BOUND('',#397,.T.);
#253=FACE_OUTER_BOUND('',#399,.T.);
#254=FACE_OUTER_BOUND('',#400,.T.);
#255=FACE_OUTER_BOUND('',#401,.T.);
#256=FACE_OUTER_BOUND('',#402,.T.);
#257=EDGE_LOOP('',(#1429,#1430,#1431,#1432));
#258=EDGE_LOOP('',(#1433,#1434,#1435,#1436));
#259=EDGE_LOOP('',(#1437,#1438,#1439,#1440));
#260=EDGE_LOOP('',(#1441,#1442,#1443,#1444));
#261=EDGE_LOOP('',(#1445,#1446,#1447,#1448));
#262=EDGE_LOOP('',(#1449,#1450,#1451,#1452));
#263=EDGE_LOOP('',(#1453,#1454,#1455,#1456));
#264=EDGE_LOOP('',(#1457,#1458,#1459,#1460));
#265=EDGE_LOOP('',(#1461,#1462,#1463,#1464));
#266=EDGE_LOOP('',(#1465,#1466,#1467,#1468));
#267=EDGE_LOOP('',(#1469,#1470,#1471,#1472));
#268=EDGE_LOOP('',(#1473,#1474,#1475,#1476));
#269=EDGE_LOOP('',(#1477,#1478,#1479,#1480,#1481,#1482,#1483,#1484));
#270=EDGE_LOOP('',(#1485,#1486,#1487,#1488,#1489,#1490,#1491,#1492));
#271=EDGE_LOOP('',(#1493,#1494,#1495,#1496,#1497,#1498));
#272=EDGE_LOOP('',(#1499));
#273=EDGE_LOOP('',(#1500));
#274=EDGE_LOOP('',(#1501));
#275=EDGE_LOOP('',(#1502));
#276=EDGE_LOOP('',(#1503,#1504,#1505,#1506,#1507,#1508,#1509,#1510,#1511,
#1512,#1513,#1514,#1515));
#277=EDGE_LOOP('',(#1516,#1517,#1518,#1519,#1520,#1521,#1522,#1523));
#278=EDGE_LOOP('',(#1524,#1525,#1526,#1527));
#279=EDGE_LOOP('',(#1528,#1529,#1530,#1531,#1532,#1533));
#280=EDGE_LOOP('',(#1534,#1535,#1536,#1537,#1538,#1539));
#281=EDGE_LOOP('',(#1540,#1541,#1542));
#282=EDGE_LOOP('',(#1543,#1544,#1545,#1546));
#283=EDGE_LOOP('',(#1547,#1548,#1549,#1550));
#284=EDGE_LOOP('',(#1551,#1552,#1553));
#285=EDGE_LOOP('',(#1554,#1555,#1556,#1557,#1558));
#286=EDGE_LOOP('',(#1559,#1560,#1561,#1562,#1563));
#287=EDGE_LOOP('',(#1564,#1565,#1566,#1567));
#288=EDGE_LOOP('',(#1568,#1569,#1570,#1571));
#289=EDGE_LOOP('',(#1572,#1573,#1574,#1575));
#290=EDGE_LOOP('',(#1576,#1577,#1578,#1579));
#291=EDGE_LOOP('',(#1580,#1581,#1582,#1583,#1584));
#292=EDGE_LOOP('',(#1585,#1586,#1587,#1588));
#293=EDGE_LOOP('',(#1589,#1590,#1591,#1592));
#294=EDGE_LOOP('',(#1593,#1594,#1595,#1596));
#295=EDGE_LOOP('',(#1597,#1598,#1599,#1600));
#296=EDGE_LOOP('',(#1601,#1602,#1603,#1604,#1605,#1606));
#297=EDGE_LOOP('',(#1607));
#298=EDGE_LOOP('',(#1608,#1609,#1610,#1611));
#299=EDGE_LOOP('',(#1612,#1613,#1614,#1615));
#300=EDGE_LOOP('',(#1616,#1617,#1618,#1619));
#301=EDGE_LOOP('',(#1620,#1621,#1622,#1623,#1624,#1625));
#302=EDGE_LOOP('',(#1626));
#303=EDGE_LOOP('',(#1627,#1628,#1629,#1630));
#304=EDGE_LOOP('',(#1631,#1632,#1633,#1634));
#305=EDGE_LOOP('',(#1635,#1636,#1637,#1638));
#306=EDGE_LOOP('',(#1639,#1640,#1641,#1642));
#307=EDGE_LOOP('',(#1643,#1644,#1645,#1646));
#308=EDGE_LOOP('',(#1647,#1648,#1649,#1650));
#309=EDGE_LOOP('',(#1651,#1652,#1653,#1654,#1655,#1656));
#310=EDGE_LOOP('',(#1657));
#311=EDGE_LOOP('',(#1658,#1659,#1660,#1661));
#312=EDGE_LOOP('',(#1662,#1663,#1664,#1665));
#313=EDGE_LOOP('',(#1666,#1667,#1668,#1669));
#314=EDGE_LOOP('',(#1670,#1671,#1672,#1673));
#315=EDGE_LOOP('',(#1674,#1675,#1676,#1677));
#316=EDGE_LOOP('',(#1678,#1679,#1680,#1681));
#317=EDGE_LOOP('',(#1682,#1683,#1684,#1685));
#318=EDGE_LOOP('',(#1686,#1687,#1688,#1689));
#319=EDGE_LOOP('',(#1690,#1691,#1692,#1693));
#320=EDGE_LOOP('',(#1694,#1695,#1696,#1697));
#321=EDGE_LOOP('',(#1698,#1699,#1700,#1701));
#322=EDGE_LOOP('',(#1702,#1703,#1704,#1705));
#323=EDGE_LOOP('',(#1706,#1707,#1708,#1709));
#324=EDGE_LOOP('',(#1710,#1711,#1712,#1713));
#325=EDGE_LOOP('',(#1714,#1715,#1716,#1717));
#326=EDGE_LOOP('',(#1718,#1719,#1720,#1721));
#327=EDGE_LOOP('',(#1722));
#328=EDGE_LOOP('',(#1723));
#329=EDGE_LOOP('',(#1724,#1725,#1726,#1727));
#330=EDGE_LOOP('',(#1728,#1729,#1730,#1731));
#331=EDGE_LOOP('',(#1732));
#332=EDGE_LOOP('',(#1733));
#333=EDGE_LOOP('',(#1734,#1735,#1736,#1737));
#334=EDGE_LOOP('',(#1738));
#335=EDGE_LOOP('',(#1739));
#336=EDGE_LOOP('',(#1740,#1741,#1742,#1743));
#337=EDGE_LOOP('',(#1744,#1745,#1746,#1747));
#338=EDGE_LOOP('',(#1748,#1749,#1750,#1751));
#339=EDGE_LOOP('',(#1752,#1753,#1754,#1755));
#340=EDGE_LOOP('',(#1756,#1757,#1758,#1759));
#341=EDGE_LOOP('',(#1760,#1761,#1762,#1763));
#342=EDGE_LOOP('',(#1764,#1765,#1766,#1767));
#343=EDGE_LOOP('',(#1768,#1769,#1770,#1771));
#344=EDGE_LOOP('',(#1772,#1773,#1774,#1775));
#345=EDGE_LOOP('',(#1776,#1777,#1778,#1779));
#346=EDGE_LOOP('',(#1780,#1781,#1782,#1783,#1784,#1785));
#347=EDGE_LOOP('',(#1786));
#348=EDGE_LOOP('',(#1787,#1788,#1789,#1790));
#349=EDGE_LOOP('',(#1791,#1792,#1793,#1794));
#350=EDGE_LOOP('',(#1795,#1796,#1797,#1798));
#351=EDGE_LOOP('',(#1799,#1800,#1801,#1802));
#352=EDGE_LOOP('',(#1803,#1804,#1805,#1806));
#353=EDGE_LOOP('',(#1807,#1808,#1809,#1810));
#354=EDGE_LOOP('',(#1811,#1812,#1813,#1814,#1815,#1816));
#355=EDGE_LOOP('',(#1817));
#356=EDGE_LOOP('',(#1818,#1819,#1820,#1821));
#357=EDGE_LOOP('',(#1822,#1823,#1824,#1825));
#358=EDGE_LOOP('',(#1826,#1827,#1828,#1829));
#359=EDGE_LOOP('',(#1830,#1831,#1832,#1833));
#360=EDGE_LOOP('',(#1834,#1835,#1836,#1837));
#361=EDGE_LOOP('',(#1838,#1839,#1840,#1841));
#362=EDGE_LOOP('',(#1842,#1843,#1844,#1845,#1846,#1847));
#363=EDGE_LOOP('',(#1848));
#364=EDGE_LOOP('',(#1849,#1850,#1851,#1852));
#365=EDGE_LOOP('',(#1853,#1854,#1855,#1856));
#366=EDGE_LOOP('',(#1857,#1858,#1859,#1860));
#367=EDGE_LOOP('',(#1861,#1862,#1863,#1864));
#368=EDGE_LOOP('',(#1865,#1866,#1867,#1868));
#369=EDGE_LOOP('',(#1869,#1870,#1871,#1872));
#370=EDGE_LOOP('',(#1873,#1874,#1875,#1876,#1877,#1878));
#371=EDGE_LOOP('',(#1879));
#372=EDGE_LOOP('',(#1880,#1881,#1882,#1883));
#373=EDGE_LOOP('',(#1884,#1885,#1886,#1887,#1888,#1889,#1890,#1891));
#374=EDGE_LOOP('',(#1892,#1893,#1894,#1895,#1896,#1897));
#375=EDGE_LOOP('',(#1898,#1899,#1900,#1901,#1902,#1903));
#376=EDGE_LOOP('',(#1904,#1905,#1906,#1907,#1908,#1909));
#377=EDGE_LOOP('',(#1910,#1911,#1912,#1913,#1914,#1915));
#378=EDGE_LOOP('',(#1916,#1917,#1918,#1919,#1920,#1921));
#379=EDGE_LOOP('',(#1922,#1923,#1924,#1925,#1926,#1927));
#380=EDGE_LOOP('',(#1928,#1929,#1930,#1931,#1932,#1933));
#381=EDGE_LOOP('',(#1934,#1935,#1936,#1937,#1938,#1939));
#382=EDGE_LOOP('',(#1940,#1941,#1942,#1943));
#383=EDGE_LOOP('',(#1944,#1945,#1946,#1947));
#384=EDGE_LOOP('',(#1948,#1949,#1950,#1951));
#385=EDGE_LOOP('',(#1952,#1953,#1954,#1955));
#386=EDGE_LOOP('',(#1956,#1957,#1958,#1959));
#387=EDGE_LOOP('',(#1960,#1961,#1962,#1963));
#388=EDGE_LOOP('',(#1964,#1965,#1966,#1967));
#389=EDGE_LOOP('',(#1968,#1969,#1970,#1971));
#390=EDGE_LOOP('',(#1972,#1973,#1974,#1975));
#391=EDGE_LOOP('',(#1976,#1977,#1978,#1979));
#392=EDGE_LOOP('',(#1980));
#393=EDGE_LOOP('',(#1981,#1982,#1983,#1984));
#394=EDGE_LOOP('',(#1985));
#395=EDGE_LOOP('',(#1986));
#396=EDGE_LOOP('',(#1987));
#397=EDGE_LOOP('',(#1988,#1989,#1990,#1991,#1992,#1993));
#398=EDGE_LOOP('',(#1994));
#399=EDGE_LOOP('',(#1995,#1996,#1997,#1998,#1999));
#400=EDGE_LOOP('',(#2000,#2001,#2002,#2003,#2004));
#401=EDGE_LOOP('',(#2005,#2006,#2007,#2008,#2009));
#402=EDGE_LOOP('',(#2010,#2011,#2012,#2013,#2014,#2015,#2016,#2017,#2018));
#403=EDGE_LOOP('',(#2019));
#404=EDGE_LOOP('',(#2020));
#405=EDGE_LOOP('',(#2021));
#406=EDGE_LOOP('',(#2022));
#407=LINE('',#2952,#646);
#408=LINE('',#2955,#647);
#409=LINE('',#2958,#648);
#410=LINE('',#2960,#649);
#411=LINE('',#2961,#650);
#412=LINE('',#2967,#651);
#413=LINE('',#2970,#652);
#414=LINE('',#2973,#653);
#415=LINE('',#2975,#654);
#416=LINE('',#2976,#655);
#417=LINE('',#2982,#656);
#418=LINE('',#2985,#657);
#419=LINE('',#2987,#658);
#420=LINE('',#2988,#659);
#421=LINE('',#2995,#660);
#422=LINE('',#2997,#661);
#423=LINE('',#2999,#662);
#424=LINE('',#3000,#663);
#425=LINE('',#3003,#664);
#426=LINE('',#3005,#665);
#427=LINE('',#3006,#666);
#428=LINE('',#3009,#667);
#429=LINE('',#3011,#668);
#430=LINE('',#3012,#669);
#431=LINE('',#3014,#670);
#432=LINE('',#3015,#671);
#433=LINE('',#3017,#672);
#434=LINE('',#3021,#673);
#435=LINE('',#3025,#674);
#436=LINE('',#3029,#675);
#437=LINE('',#3033,#676);
#438=LINE('',#3037,#677);
#439=LINE('',#3039,#678);
#440=LINE('',#3041,#679);
#441=LINE('',#3045,#680);
#442=LINE('',#3057,#681);
#443=LINE('',#3059,#682);
#444=LINE('',#3061,#683);
#445=LINE('',#3062,#684);
#446=LINE('',#3064,#685);
#447=LINE('',#3066,#686);
#448=LINE('',#3067,#687);
#449=LINE('',#3069,#688);
#450=LINE('',#3071,#689);
#451=LINE('',#3072,#690);
#452=LINE('',#3074,#691);
#453=LINE('',#3075,#692);
#454=LINE('',#3076,#693);
#455=LINE('',#3081,#694);
#456=LINE('',#3090,#695);
#457=LINE('',#3095,#696);
#458=LINE('',#3100,#697);
#459=LINE('',#3105,#698);
#460=LINE('',#3112,#699);
#461=LINE('',#3114,#700);
#462=LINE('',#3115,#701);
#463=LINE('',#3118,#702);
#464=LINE('',#3120,#703);
#465=LINE('',#3121,#704);
#466=LINE('',#3127,#705);
#467=LINE('',#3128,#706);
#468=LINE('',#3130,#707);
#469=LINE('',#3132,#708);
#470=LINE('',#3135,#709);
#471=LINE('',#3137,#710);
#472=LINE('',#3138,#711);
#473=LINE('',#3141,#712);
#474=LINE('',#3146,#713);
#475=LINE('',#3152,#714);
#476=LINE('',#3158,#715);
#477=LINE('',#3164,#716);
#478=LINE('',#3169,#717);
#479=LINE('',#3171,#718);
#480=LINE('',#3173,#719);
#481=LINE('',#3175,#720);
#482=LINE('',#3177,#721);
#483=LINE('',#3178,#722);
#484=LINE('',#3181,#723);
#485=LINE('',#3183,#724);
#486=LINE('',#3184,#725);
#487=LINE('',#3187,#726);
#488=LINE('',#3188,#727);
#489=LINE('',#3191,#728);
#490=LINE('',#3192,#729);
#491=LINE('',#3196,#730);
#492=LINE('',#3198,#731);
#493=LINE('',#3200,#732);
#494=LINE('',#3202,#733);
#495=LINE('',#3204,#734);
#496=LINE('',#3205,#735);
#497=LINE('',#3208,#736);
#498=LINE('',#3210,#737);
#499=LINE('',#3211,#738);
#500=LINE('',#3214,#739);
#501=LINE('',#3215,#740);
#502=LINE('',#3218,#741);
#503=LINE('',#3219,#742);
#504=LINE('',#3223,#743);
#505=LINE('',#3225,#744);
#506=LINE('',#3227,#745);
#507=LINE('',#3228,#746);
#508=LINE('',#3231,#747);
#509=LINE('',#3233,#748);
#510=LINE('',#3234,#749);
#511=LINE('',#3237,#750);
#512=LINE('',#3239,#751);
#513=LINE('',#3240,#752);
#514=LINE('',#3244,#753);
#515=LINE('',#3246,#754);
#516=LINE('',#3248,#755);
#517=LINE('',#3250,#756);
#518=LINE('',#3252,#757);
#519=LINE('',#3253,#758);
#520=LINE('',#3256,#759);
#521=LINE('',#3258,#760);
#522=LINE('',#3259,#761);
#523=LINE('',#3262,#762);
#524=LINE('',#3263,#763);
#525=LINE('',#3266,#764);
#526=LINE('',#3267,#765);
#527=LINE('',#3270,#766);
#528=LINE('',#3272,#767);
#529=LINE('',#3273,#768);
#530=LINE('',#3275,#769);
#531=LINE('',#3277,#770);
#532=LINE('',#3280,#771);
#533=LINE('',#3282,#772);
#534=LINE('',#3283,#773);
#535=LINE('',#3285,#774);
#536=LINE('',#3287,#775);
#537=LINE('',#3290,#776);
#538=LINE('',#3292,#777);
#539=LINE('',#3293,#778);
#540=LINE('',#3295,#779);
#541=LINE('',#3297,#780);
#542=LINE('',#3301,#781);
#543=LINE('',#3303,#782);
#544=LINE('',#3305,#783);
#545=LINE('',#3306,#784);
#546=LINE('',#3308,#785);
#547=LINE('',#3309,#786);
#548=LINE('',#3311,#787);
#549=LINE('',#3312,#788);
#550=LINE('',#3317,#789);
#551=LINE('',#3324,#790);
#552=LINE('',#3330,#791);
#553=LINE('',#3337,#792);
#554=LINE('',#3342,#793);
#555=LINE('',#3346,#794);
#556=LINE('',#3350,#795);
#557=LINE('',#3354,#796);
#558=LINE('',#3359,#797);
#559=LINE('',#3361,#798);
#560=LINE('',#3363,#799);
#561=LINE('',#3364,#800);
#562=LINE('',#3367,#801);
#563=LINE('',#3369,#802);
#564=LINE('',#3370,#803);
#565=LINE('',#3373,#804);
#566=LINE('',#3375,#805);
#567=LINE('',#3376,#806);
#568=LINE('',#3379,#807);
#569=LINE('',#3381,#808);
#570=LINE('',#3382,#809);
#571=LINE('',#3385,#810);
#572=LINE('',#3387,#811);
#573=LINE('',#3388,#812);
#574=LINE('',#3390,#813);
#575=LINE('',#3391,#814);
#576=LINE('',#3396,#815);
#577=LINE('',#3398,#816);
#578=LINE('',#3400,#817);
#579=LINE('',#3401,#818);
#580=LINE('',#3404,#819);
#581=LINE('',#3406,#820);
#582=LINE('',#3407,#821);
#583=LINE('',#3410,#822);
#584=LINE('',#3412,#823);
#585=LINE('',#3413,#824);
#586=LINE('',#3416,#825);
#587=LINE('',#3418,#826);
#588=LINE('',#3419,#827);
#589=LINE('',#3422,#828);
#590=LINE('',#3424,#829);
#591=LINE('',#3425,#830);
#592=LINE('',#3427,#831);
#593=LINE('',#3428,#832);
#594=LINE('',#3433,#833);
#595=LINE('',#3435,#834);
#596=LINE('',#3437,#835);
#597=LINE('',#3438,#836);
#598=LINE('',#3441,#837);
#599=LINE('',#3443,#838);
#600=LINE('',#3444,#839);
#601=LINE('',#3447,#840);
#602=LINE('',#3449,#841);
#603=LINE('',#3450,#842);
#604=LINE('',#3453,#843);
#605=LINE('',#3455,#844);
#606=LINE('',#3456,#845);
#607=LINE('',#3459,#846);
#608=LINE('',#3461,#847);
#609=LINE('',#3462,#848);
#610=LINE('',#3464,#849);
#611=LINE('',#3465,#850);
#612=LINE('',#3470,#851);
#613=LINE('',#3472,#852);
#614=LINE('',#3474,#853);
#615=LINE('',#3475,#854);
#616=LINE('',#3478,#855);
#617=LINE('',#3480,#856);
#618=LINE('',#3481,#857);
#619=LINE('',#3484,#858);
#620=LINE('',#3486,#859);
#621=LINE('',#3487,#860);
#622=LINE('',#3490,#861);
#623=LINE('',#3492,#862);
#624=LINE('',#3493,#863);
#625=LINE('',#3496,#864);
#626=LINE('',#3498,#865);
#627=LINE('',#3499,#866);
#628=LINE('',#3501,#867);
#629=LINE('',#3502,#868);
#630=LINE('',#3506,#869);
#631=LINE('',#3508,#870);
#632=LINE('',#3513,#871);
#633=LINE('',#3515,#872);
#634=LINE('',#3519,#873);
#635=LINE('',#3522,#874);
#636=LINE('',#3524,#875);
#637=LINE('',#3526,#876);
#638=LINE('',#3529,#877);
#639=LINE('',#3533,#878);
#640=LINE('',#3534,#879);
#641=LINE('',#3536,#880);
#642=LINE('',#3540,#881);
#643=LINE('',#3544,#882);
#644=LINE('',#3545,#883);
#645=LINE('',#3547,#884);
#646=VECTOR('',#2363,10.);
#647=VECTOR('',#2366,10.);
#648=VECTOR('',#2369,10.);
#649=VECTOR('',#2370,10.);
#650=VECTOR('',#2371,10.);
#651=VECTOR('',#2376,10.);
#652=VECTOR('',#2379,10.);
#653=VECTOR('',#2382,10.);
#654=VECTOR('',#2383,10.);
#655=VECTOR('',#2384,10.);
#656=VECTOR('',#2389,10.);
#657=VECTOR('',#2392,10.);
#658=VECTOR('',#2395,10.);
#659=VECTOR('',#2396,10.);
#660=VECTOR('',#2405,10.);
#661=VECTOR('',#2406,10.);
#662=VECTOR('',#2407,10.);
#663=VECTOR('',#2408,10.);
#664=VECTOR('',#2411,10.);
#665=VECTOR('',#2412,10.);
#666=VECTOR('',#2413,10.);
#667=VECTOR('',#2416,10.);
#668=VECTOR('',#2417,10.);
#669=VECTOR('',#2418,10.);
#670=VECTOR('',#2421,10.);
#671=VECTOR('',#2422,10.);
#672=VECTOR('',#2425,10.);
#673=VECTOR('',#2428,10.);
#674=VECTOR('',#2431,10.);
#675=VECTOR('',#2434,10.);
#676=VECTOR('',#2437,10.);
#677=VECTOR('',#2440,10.);
#678=VECTOR('',#2441,10.);
#679=VECTOR('',#2442,10.);
#680=VECTOR('',#2445,10.);
#681=VECTOR('',#2458,10.);
#682=VECTOR('',#2459,10.);
#683=VECTOR('',#2460,10.);
#684=VECTOR('',#2461,10.);
#685=VECTOR('',#2462,10.);
#686=VECTOR('',#2463,10.);
#687=VECTOR('',#2464,10.);
#688=VECTOR('',#2465,10.);
#689=VECTOR('',#2466,10.);
#690=VECTOR('',#2467,10.);
#691=VECTOR('',#2468,10.);
#692=VECTOR('',#2469,10.);
#693=VECTOR('',#2470,10.);
#694=VECTOR('',#2475,3.);
#695=VECTOR('',#2484,10.);
#696=VECTOR('',#2489,10.);
#697=VECTOR('',#2494,10.);
#698=VECTOR('',#2499,10.);
#699=VECTOR('',#2508,10.);
#700=VECTOR('',#2511,10.);
#701=VECTOR('',#2512,10.);
#702=VECTOR('',#2515,10.);
#703=VECTOR('',#2516,10.);
#704=VECTOR('',#2517,10.);
#705=VECTOR('',#2526,10.);
#706=VECTOR('',#2527,10.);
#707=VECTOR('',#2530,10.);
#708=VECTOR('',#2533,10.);
#709=VECTOR('',#2536,10.);
#710=VECTOR('',#2537,10.);
#711=VECTOR('',#2538,10.);
#712=VECTOR('',#2543,10.);
#713=VECTOR('',#2548,1.65);
#714=VECTOR('',#2555,1.65);
#715=VECTOR('',#2562,1.65);
#716=VECTOR('',#2569,1.65);
#717=VECTOR('',#2574,10.);
#718=VECTOR('',#2575,10.);
#719=VECTOR('',#2576,10.);
#720=VECTOR('',#2577,10.);
#721=VECTOR('',#2578,10.);
#722=VECTOR('',#2579,10.);
#723=VECTOR('',#2582,10.);
#724=VECTOR('',#2583,10.);
#725=VECTOR('',#2584,10.);
#726=VECTOR('',#2587,10.);
#727=VECTOR('',#2588,10.);
#728=VECTOR('',#2591,10.);
#729=VECTOR('',#2592,10.);
#730=VECTOR('',#2595,10.);
#731=VECTOR('',#2596,10.);
#732=VECTOR('',#2597,10.);
#733=VECTOR('',#2598,10.);
#734=VECTOR('',#2599,10.);
#735=VECTOR('',#2600,10.);
#736=VECTOR('',#2603,10.);
#737=VECTOR('',#2604,10.);
#738=VECTOR('',#2605,10.);
#739=VECTOR('',#2608,10.);
#740=VECTOR('',#2609,10.);
#741=VECTOR('',#2612,10.);
#742=VECTOR('',#2613,10.);
#743=VECTOR('',#2616,10.);
#744=VECTOR('',#2617,10.);
#745=VECTOR('',#2618,10.);
#746=VECTOR('',#2619,10.);
#747=VECTOR('',#2622,10.);
#748=VECTOR('',#2623,10.);
#749=VECTOR('',#2624,10.);
#750=VECTOR('',#2627,10.);
#751=VECTOR('',#2628,10.);
#752=VECTOR('',#2629,10.);
#753=VECTOR('',#2632,10.);
#754=VECTOR('',#2633,10.);
#755=VECTOR('',#2634,10.);
#756=VECTOR('',#2635,10.);
#757=VECTOR('',#2636,10.);
#758=VECTOR('',#2637,10.);
#759=VECTOR('',#2640,10.);
#760=VECTOR('',#2641,10.);
#761=VECTOR('',#2642,10.);
#762=VECTOR('',#2645,10.);
#763=VECTOR('',#2646,10.);
#764=VECTOR('',#2649,10.);
#765=VECTOR('',#2650,10.);
#766=VECTOR('',#2653,10.);
#767=VECTOR('',#2654,10.);
#768=VECTOR('',#2655,10.);
#769=VECTOR('',#2658,10.);
#770=VECTOR('',#2661,10.);
#771=VECTOR('',#2664,10.);
#772=VECTOR('',#2665,10.);
#773=VECTOR('',#2666,10.);
#774=VECTOR('',#2669,10.);
#775=VECTOR('',#2672,10.);
#776=VECTOR('',#2675,10.);
#777=VECTOR('',#2676,10.);
#778=VECTOR('',#2677,10.);
#779=VECTOR('',#2680,10.);
#780=VECTOR('',#2683,10.);
#781=VECTOR('',#2686,10.);
#782=VECTOR('',#2687,10.);
#783=VECTOR('',#2688,10.);
#784=VECTOR('',#2689,10.);
#785=VECTOR('',#2692,10.);
#786=VECTOR('',#2693,10.);
#787=VECTOR('',#2696,10.);
#788=VECTOR('',#2697,10.);
#789=VECTOR('',#2702,4.);
#790=VECTOR('',#2711,4.);
#791=VECTOR('',#2718,4.);
#792=VECTOR('',#2727,4.);
#793=VECTOR('',#2734,1.65);
#794=VECTOR('',#2739,1.64999999999999);
#795=VECTOR('',#2744,1.64999999999999);
#796=VECTOR('',#2749,1.65);
#797=VECTOR('',#2754,10.);
#798=VECTOR('',#2755,10.);
#799=VECTOR('',#2756,10.);
#800=VECTOR('',#2757,10.);
#801=VECTOR('',#2760,10.);
#802=VECTOR('',#2761,10.);
#803=VECTOR('',#2762,10.);
#804=VECTOR('',#2765,10.);
#805=VECTOR('',#2766,10.);
#806=VECTOR('',#2767,10.);
#807=VECTOR('',#2770,10.);
#808=VECTOR('',#2771,10.);
#809=VECTOR('',#2772,10.);
#810=VECTOR('',#2775,10.);
#811=VECTOR('',#2776,10.);
#812=VECTOR('',#2777,10.);
#813=VECTOR('',#2780,10.);
#814=VECTOR('',#2781,10.);
#815=VECTOR('',#2786,10.);
#816=VECTOR('',#2787,10.);
#817=VECTOR('',#2788,10.);
#818=VECTOR('',#2789,10.);
#819=VECTOR('',#2792,10.);
#820=VECTOR('',#2793,10.);
#821=VECTOR('',#2794,10.);
#822=VECTOR('',#2797,10.);
#823=VECTOR('',#2798,10.);
#824=VECTOR('',#2799,10.);
#825=VECTOR('',#2802,10.);
#826=VECTOR('',#2803,10.);
#827=VECTOR('',#2804,10.);
#828=VECTOR('',#2807,10.);
#829=VECTOR('',#2808,10.);
#830=VECTOR('',#2809,10.);
#831=VECTOR('',#2812,10.);
#832=VECTOR('',#2813,10.);
#833=VECTOR('',#2818,10.);
#834=VECTOR('',#2819,10.);
#835=VECTOR('',#2820,10.);
#836=VECTOR('',#2821,10.);
#837=VECTOR('',#2824,10.);
#838=VECTOR('',#2825,10.);
#839=VECTOR('',#2826,10.);
#840=VECTOR('',#2829,10.);
#841=VECTOR('',#2830,10.);
#842=VECTOR('',#2831,10.);
#843=VECTOR('',#2834,10.);
#844=VECTOR('',#2835,10.);
#845=VECTOR('',#2836,10.);
#846=VECTOR('',#2839,10.);
#847=VECTOR('',#2840,10.);
#848=VECTOR('',#2841,10.);
#849=VECTOR('',#2844,10.);
#850=VECTOR('',#2845,10.);
#851=VECTOR('',#2850,10.);
#852=VECTOR('',#2851,10.);
#853=VECTOR('',#2852,10.);
#854=VECTOR('',#2853,10.);
#855=VECTOR('',#2856,10.);
#856=VECTOR('',#2857,10.);
#857=VECTOR('',#2858,10.);
#858=VECTOR('',#2861,10.);
#859=VECTOR('',#2862,10.);
#860=VECTOR('',#2863,10.);
#861=VECTOR('',#2866,10.);
#862=VECTOR('',#2867,10.);
#863=VECTOR('',#2868,10.);
#864=VECTOR('',#2871,10.);
#865=VECTOR('',#2872,10.);
#866=VECTOR('',#2873,10.);
#867=VECTOR('',#2876,10.);
#868=VECTOR('',#2877,10.);
#869=VECTOR('',#2882,10.);
#870=VECTOR('',#2883,10.);
#871=VECTOR('',#2890,10.);
#872=VECTOR('',#2891,10.);
#873=VECTOR('',#2894,10.);
#874=VECTOR('',#2899,10.);
#875=VECTOR('',#2902,10.);
#876=VECTOR('',#2905,10.);
#877=VECTOR('',#2908,10.);
#878=VECTOR('',#2913,10.);
#879=VECTOR('',#2914,10.);
#880=VECTOR('',#2917,10.);
#881=VECTOR('',#2922,10.);
#882=VECTOR('',#2927,10.);
#883=VECTOR('',#2928,10.);
#884=VECTOR('',#2931,10.);
#885=CIRCLE('',#2184,1.);
#886=CIRCLE('',#2185,1.);
#887=CIRCLE('',#2188,1.);
#888=CIRCLE('',#2189,1.);
#889=CIRCLE('',#2192,1.);
#890=CIRCLE('',#2193,1.);
#891=CIRCLE('',#2196,1.);
#892=CIRCLE('',#2197,1.);
#893=CIRCLE('',#2204,3.99999999999999);
#894=CIRCLE('',#2205,4.);
#895=CIRCLE('',#2206,4.);
#896=CIRCLE('',#2207,4.);
#897=CIRCLE('',#2208,4.);
#898=CIRCLE('',#2209,3.99999999999999);
#899=CIRCLE('',#2210,1.65);
#900=CIRCLE('',#2211,1.64999999999999);
#901=CIRCLE('',#2212,1.64999999999999);
#902=CIRCLE('',#2213,1.65);
#903=CIRCLE('',#2216,3.);
#904=CIRCLE('',#2217,3.);
#905=CIRCLE('',#2220,7.5);
#906=CIRCLE('',#2221,7.5);
#907=CIRCLE('',#2226,7.5);
#908=CIRCLE('',#2227,7.5);
#909=CIRCLE('',#2229,7.5);
#910=CIRCLE('',#2234,7.5);
#911=CIRCLE('',#2243,1.65);
#912=CIRCLE('',#2244,1.65);
#913=CIRCLE('',#2246,1.65);
#914=CIRCLE('',#2247,1.65);
#915=CIRCLE('',#2249,1.65);
#916=CIRCLE('',#2250,1.65);
#917=CIRCLE('',#2252,1.65);
#918=CIRCLE('',#2253,1.65);
#919=CIRCLE('',#2282,4.);
#920=CIRCLE('',#2283,4.);
#921=CIRCLE('',#2286,4.);
#922=CIRCLE('',#2287,4.);
#923=CIRCLE('',#2289,4.);
#924=CIRCLE('',#2290,4.);
#925=CIRCLE('',#2293,4.);
#926=CIRCLE('',#2294,4.);
#927=CIRCLE('',#2297,1.65);
#928=CIRCLE('',#2299,1.64999999999999);
#929=CIRCLE('',#2301,1.64999999999999);
#930=CIRCLE('',#2303,1.65);
#931=CIRCLE('',#2333,4.);
#932=CIRCLE('',#2335,4.);
#933=CIRCLE('',#2336,4.);
#934=CIRCLE('',#2337,3.99999999999999);
#935=CIRCLE('',#2342,3.99999999999999);
#936=CIRCLE('',#2347,4.);
#937=VERTEX_POINT('',#2948);
#938=VERTEX_POINT('',#2949);
#939=VERTEX_POINT('',#2951);
#940=VERTEX_POINT('',#2953);
#941=VERTEX_POINT('',#2957);
#942=VERTEX_POINT('',#2959);
#943=VERTEX_POINT('',#2963);
#944=VERTEX_POINT('',#2964);
#945=VERTEX_POINT('',#2966);
#946=VERTEX_POINT('',#2968);
#947=VERTEX_POINT('',#2972);
#948=VERTEX_POINT('',#2974);
#949=VERTEX_POINT('',#2978);
#950=VERTEX_POINT('',#2979);
#951=VERTEX_POINT('',#2981);
#952=VERTEX_POINT('',#2983);
#953=VERTEX_POINT('',#2993);
#954=VERTEX_POINT('',#2994);
#955=VERTEX_POINT('',#2996);
#956=VERTEX_POINT('',#2998);
#957=VERTEX_POINT('',#3002);
#958=VERTEX_POINT('',#3004);
#959=VERTEX_POINT('',#3008);
#960=VERTEX_POINT('',#3010);
#961=VERTEX_POINT('',#3019);
#962=VERTEX_POINT('',#3020);
#963=VERTEX_POINT('',#3022);
#964=VERTEX_POINT('',#3024);
#965=VERTEX_POINT('',#3026);
#966=VERTEX_POINT('',#3028);
#967=VERTEX_POINT('',#3030);
#968=VERTEX_POINT('',#3032);
#969=VERTEX_POINT('',#3035);
#970=VERTEX_POINT('',#3036);
#971=VERTEX_POINT('',#3038);
#972=VERTEX_POINT('',#3040);
#973=VERTEX_POINT('',#3042);
#974=VERTEX_POINT('',#3044);
#975=VERTEX_POINT('',#3047);
#976=VERTEX_POINT('',#3049);
#977=VERTEX_POINT('',#3051);
#978=VERTEX_POINT('',#3053);
#979=VERTEX_POINT('',#3056);
#980=VERTEX_POINT('',#3058);
#981=VERTEX_POINT('',#3060);
#982=VERTEX_POINT('',#3063);
#983=VERTEX_POINT('',#3065);
#984=VERTEX_POINT('',#3068);
#985=VERTEX_POINT('',#3070);
#986=VERTEX_POINT('',#3073);
#987=VERTEX_POINT('',#3078);
#988=VERTEX_POINT('',#3080);
#989=VERTEX_POINT('',#3084);
#990=VERTEX_POINT('',#3085);
#991=VERTEX_POINT('',#3087);
#992=VERTEX_POINT('',#3089);
#993=VERTEX_POINT('',#3091);
#994=VERTEX_POINT('',#3093);
#995=VERTEX_POINT('',#3097);
#996=VERTEX_POINT('',#3099);
#997=VERTEX_POINT('',#3102);
#998=VERTEX_POINT('',#3104);
#999=VERTEX_POINT('',#3108);
#1000=VERTEX_POINT('',#3110);
#1001=VERTEX_POINT('',#3117);
#1002=VERTEX_POINT('',#3119);
#1003=VERTEX_POINT('',#3123);
#1004=VERTEX_POINT('',#3134);
#1005=VERTEX_POINT('',#3136);
#1006=VERTEX_POINT('',#3143);
#1007=VERTEX_POINT('',#3145);
#1008=VERTEX_POINT('',#3149);
#1009=VERTEX_POINT('',#3151);
#1010=VERTEX_POINT('',#3155);
#1011=VERTEX_POINT('',#3157);
#1012=VERTEX_POINT('',#3161);
#1013=VERTEX_POINT('',#3163);
#1014=VERTEX_POINT('',#3167);
#1015=VERTEX_POINT('',#3168);
#1016=VERTEX_POINT('',#3170);
#1017=VERTEX_POINT('',#3172);
#1018=VERTEX_POINT('',#3174);
#1019=VERTEX_POINT('',#3176);
#1020=VERTEX_POINT('',#3180);
#1021=VERTEX_POINT('',#3182);
#1022=VERTEX_POINT('',#3186);
#1023=VERTEX_POINT('',#3190);
#1024=VERTEX_POINT('',#3194);
#1025=VERTEX_POINT('',#3195);
#1026=VERTEX_POINT('',#3197);
#1027=VERTEX_POINT('',#3199);
#1028=VERTEX_POINT('',#3201);
#1029=VERTEX_POINT('',#3203);
#1030=VERTEX_POINT('',#3207);
#1031=VERTEX_POINT('',#3209);
#1032=VERTEX_POINT('',#3213);
#1033=VERTEX_POINT('',#3217);
#1034=VERTEX_POINT('',#3221);
#1035=VERTEX_POINT('',#3222);
#1036=VERTEX_POINT('',#3224);
#1037=VERTEX_POINT('',#3226);
#1038=VERTEX_POINT('',#3230);
#1039=VERTEX_POINT('',#3232);
#1040=VERTEX_POINT('',#3236);
#1041=VERTEX_POINT('',#3238);
#1042=VERTEX_POINT('',#3242);
#1043=VERTEX_POINT('',#3243);
#1044=VERTEX_POINT('',#3245);
#1045=VERTEX_POINT('',#3247);
#1046=VERTEX_POINT('',#3249);
#1047=VERTEX_POINT('',#3251);
#1048=VERTEX_POINT('',#3255);
#1049=VERTEX_POINT('',#3257);
#1050=VERTEX_POINT('',#3261);
#1051=VERTEX_POINT('',#3265);
#1052=VERTEX_POINT('',#3269);
#1053=VERTEX_POINT('',#3271);
#1054=VERTEX_POINT('',#3279);
#1055=VERTEX_POINT('',#3281);
#1056=VERTEX_POINT('',#3289);
#1057=VERTEX_POINT('',#3291);
#1058=VERTEX_POINT('',#3299);
#1059=VERTEX_POINT('',#3300);
#1060=VERTEX_POINT('',#3302);
#1061=VERTEX_POINT('',#3304);
#1062=VERTEX_POINT('',#3314);
#1063=VERTEX_POINT('',#3316);
#1064=VERTEX_POINT('',#3321);
#1065=VERTEX_POINT('',#3323);
#1066=VERTEX_POINT('',#3327);
#1067=VERTEX_POINT('',#3329);
#1068=VERTEX_POINT('',#3334);
#1069=VERTEX_POINT('',#3336);
#1070=VERTEX_POINT('',#3341);
#1071=VERTEX_POINT('',#3345);
#1072=VERTEX_POINT('',#3349);
#1073=VERTEX_POINT('',#3353);
#1074=VERTEX_POINT('',#3357);
#1075=VERTEX_POINT('',#3358);
#1076=VERTEX_POINT('',#3360);
#1077=VERTEX_POINT('',#3362);
#1078=VERTEX_POINT('',#3366);
#1079=VERTEX_POINT('',#3368);
#1080=VERTEX_POINT('',#3372);
#1081=VERTEX_POINT('',#3374);
#1082=VERTEX_POINT('',#3378);
#1083=VERTEX_POINT('',#3380);
#1084=VERTEX_POINT('',#3384);
#1085=VERTEX_POINT('',#3386);
#1086=VERTEX_POINT('',#3394);
#1087=VERTEX_POINT('',#3395);
#1088=VERTEX_POINT('',#3397);
#1089=VERTEX_POINT('',#3399);
#1090=VERTEX_POINT('',#3403);
#1091=VERTEX_POINT('',#3405);
#1092=VERTEX_POINT('',#3409);
#1093=VERTEX_POINT('',#3411);
#1094=VERTEX_POINT('',#3415);
#1095=VERTEX_POINT('',#3417);
#1096=VERTEX_POINT('',#3421);
#1097=VERTEX_POINT('',#3423);
#1098=VERTEX_POINT('',#3431);
#1099=VERTEX_POINT('',#3432);
#1100=VERTEX_POINT('',#3434);
#1101=VERTEX_POINT('',#3436);
#1102=VERTEX_POINT('',#3440);
#1103=VERTEX_POINT('',#3442);
#1104=VERTEX_POINT('',#3446);
#1105=VERTEX_POINT('',#3448);
#1106=VERTEX_POINT('',#3452);
#1107=VERTEX_POINT('',#3454);
#1108=VERTEX_POINT('',#3458);
#1109=VERTEX_POINT('',#3460);
#1110=VERTEX_POINT('',#3468);
#1111=VERTEX_POINT('',#3469);
#1112=VERTEX_POINT('',#3471);
#1113=VERTEX_POINT('',#3473);
#1114=VERTEX_POINT('',#3477);
#1115=VERTEX_POINT('',#3479);
#1116=VERTEX_POINT('',#3483);
#1117=VERTEX_POINT('',#3485);
#1118=VERTEX_POINT('',#3489);
#1119=VERTEX_POINT('',#3491);
#1120=VERTEX_POINT('',#3495);
#1121=VERTEX_POINT('',#3497);
#1122=VERTEX_POINT('',#3505);
#1123=VERTEX_POINT('',#3507);
#1124=VERTEX_POINT('',#3511);
#1125=VERTEX_POINT('',#3514);
#1126=VERTEX_POINT('',#3516);
#1127=VERTEX_POINT('',#3518);
#1128=VERTEX_POINT('',#3528);
#1129=VERTEX_POINT('',#3532);
#1130=VERTEX_POINT('',#3539);
#1131=VERTEX_POINT('',#3543);
#1132=EDGE_CURVE('',#937,#938,#885,.T.);
#1133=EDGE_CURVE('',#938,#939,#407,.T.);
#1134=EDGE_CURVE('',#939,#940,#886,.T.);
#1135=EDGE_CURVE('',#940,#937,#408,.T.);
#1136=EDGE_CURVE('',#938,#941,#409,.T.);
#1137=EDGE_CURVE('',#942,#941,#410,.T.);
#1138=EDGE_CURVE('',#942,#939,#411,.T.);
#1139=EDGE_CURVE('',#943,#944,#887,.T.);
#1140=EDGE_CURVE('',#944,#945,#412,.T.);
#1141=EDGE_CURVE('',#945,#946,#888,.T.);
#1142=EDGE_CURVE('',#946,#943,#413,.T.);
#1143=EDGE_CURVE('',#944,#947,#414,.T.);
#1144=EDGE_CURVE('',#948,#947,#415,.T.);
#1145=EDGE_CURVE('',#945,#948,#416,.T.);
#1146=EDGE_CURVE('',#949,#950,#889,.T.);
#1147=EDGE_CURVE('',#950,#951,#417,.T.);
#1148=EDGE_CURVE('',#951,#952,#890,.T.);
#1149=EDGE_CURVE('',#952,#949,#418,.T.);
#1150=EDGE_CURVE('',#951,#946,#419,.T.);
#1151=EDGE_CURVE('',#950,#943,#420,.T.);
#1152=EDGE_CURVE('',#941,#948,#891,.T.);
#1153=EDGE_CURVE('',#947,#942,#892,.T.);
#1154=EDGE_CURVE('',#953,#954,#421,.T.);
#1155=EDGE_CURVE('',#953,#955,#422,.T.);
#1156=EDGE_CURVE('',#955,#956,#423,.T.);
#1157=EDGE_CURVE('',#954,#956,#424,.T.);
#1158=EDGE_CURVE('',#957,#953,#425,.T.);
#1159=EDGE_CURVE('',#957,#958,#426,.T.);
#1160=EDGE_CURVE('',#958,#955,#427,.T.);
#1161=EDGE_CURVE('',#959,#957,#428,.T.);
#1162=EDGE_CURVE('',#959,#960,#429,.T.);
#1163=EDGE_CURVE('',#960,#958,#430,.T.);
#1164=EDGE_CURVE('',#954,#959,#431,.T.);
#1165=EDGE_CURVE('',#956,#960,#432,.T.);
#1166=EDGE_CURVE('',#940,#949,#433,.T.);
#1167=EDGE_CURVE('',#961,#962,#434,.T.);
#1168=EDGE_CURVE('',#962,#963,#893,.T.);
#1169=EDGE_CURVE('',#963,#964,#435,.T.);
#1170=EDGE_CURVE('',#964,#965,#894,.T.);
#1171=EDGE_CURVE('',#965,#966,#436,.T.);
#1172=EDGE_CURVE('',#966,#967,#895,.T.);
#1173=EDGE_CURVE('',#967,#968,#437,.T.);
#1174=EDGE_CURVE('',#968,#961,#896,.T.);
#1175=EDGE_CURVE('',#969,#970,#438,.T.);
#1176=EDGE_CURVE('',#970,#971,#439,.T.);
#1177=EDGE_CURVE('',#971,#972,#440,.T.);
#1178=EDGE_CURVE('',#972,#973,#897,.T.);
#1179=EDGE_CURVE('',#973,#974,#441,.T.);
#1180=EDGE_CURVE('',#974,#969,#898,.T.);
#1181=EDGE_CURVE('',#975,#975,#899,.T.);
#1182=EDGE_CURVE('',#976,#976,#900,.T.);
#1183=EDGE_CURVE('',#977,#977,#901,.T.);
#1184=EDGE_CURVE('',#978,#978,#902,.T.);
#1185=EDGE_CURVE('',#969,#979,#442,.T.);
#1186=EDGE_CURVE('',#979,#980,#443,.T.);
#1187=EDGE_CURVE('',#981,#980,#444,.T.);
#1188=EDGE_CURVE('',#981,#980,#445,.T.);
#1189=EDGE_CURVE('',#980,#982,#446,.T.);
#1190=EDGE_CURVE('',#982,#983,#447,.T.);
#1191=EDGE_CURVE('',#982,#983,#448,.T.);
#1192=EDGE_CURVE('',#982,#984,#449,.T.);
#1193=EDGE_CURVE('',#985,#984,#450,.T.);
#1194=EDGE_CURVE('',#985,#984,#451,.T.);
#1195=EDGE_CURVE('',#984,#986,#452,.T.);
#1196=EDGE_CURVE('',#970,#986,#453,.T.);
#1197=EDGE_CURVE('',#952,#937,#454,.T.);
#1198=EDGE_CURVE('',#987,#987,#903,.T.);
#1199=EDGE_CURVE('',#987,#988,#455,.T.);
#1200=EDGE_CURVE('',#988,#988,#904,.T.);
#1201=EDGE_CURVE('',#989,#990,#15,.T.);
#1202=EDGE_CURVE('',#991,#990,#905,.T.);
#1203=EDGE_CURVE('',#992,#991,#456,.T.);
#1204=EDGE_CURVE('',#993,#992,#906,.T.);
#1205=EDGE_CURVE('',#993,#994,#16,.T.);
#1206=EDGE_CURVE('',#989,#994,#457,.T.);
#1207=EDGE_CURVE('',#995,#981,#17,.T.);
#1208=EDGE_CURVE('',#995,#996,#458,.T.);
#1209=EDGE_CURVE('',#983,#996,#18,.T.);
#1210=EDGE_CURVE('',#997,#983,#907,.T.);
#1211=EDGE_CURVE('',#998,#997,#459,.T.);
#1212=EDGE_CURVE('',#981,#998,#908,.T.);
#1213=EDGE_CURVE('',#985,#999,#909,.T.);
#1214=EDGE_CURVE('',#1000,#985,#19,.T.);
#1215=EDGE_CURVE('',#1000,#999,#460,.T.);
#1216=EDGE_CURVE('',#989,#995,#461,.T.);
#1217=EDGE_CURVE('',#996,#994,#462,.T.);
#1218=EDGE_CURVE('',#999,#1001,#463,.T.);
#1219=EDGE_CURVE('',#1002,#1000,#464,.T.);
#1220=EDGE_CURVE('',#1002,#1001,#465,.T.);
#1221=EDGE_CURVE('',#1001,#1003,#910,.T.);
#1222=EDGE_CURVE('',#1002,#1003,#20,.T.);
#1223=EDGE_CURVE('',#993,#982,#466,.T.);
#1224=EDGE_CURVE('',#992,#997,#467,.T.);
#1225=EDGE_CURVE('',#984,#1003,#468,.T.);
#1226=EDGE_CURVE('',#998,#991,#469,.T.);
#1227=EDGE_CURVE('',#961,#1004,#470,.T.);
#1228=EDGE_CURVE('',#1005,#1004,#471,.T.);
#1229=EDGE_CURVE('',#1005,#962,#472,.T.);
#1230=EDGE_CURVE('',#980,#990,#473,.T.);
#1231=EDGE_CURVE('',#1006,#1006,#911,.T.);
#1232=EDGE_CURVE('',#1006,#1007,#474,.T.);
#1233=EDGE_CURVE('',#1007,#1007,#912,.T.);
#1234=EDGE_CURVE('',#1008,#1008,#913,.T.);
#1235=EDGE_CURVE('',#1008,#1009,#475,.T.);
#1236=EDGE_CURVE('',#1009,#1009,#914,.T.);
#1237=EDGE_CURVE('',#1010,#1010,#915,.T.);
#1238=EDGE_CURVE('',#1010,#1011,#476,.T.);
#1239=EDGE_CURVE('',#1011,#1011,#916,.T.);
#1240=EDGE_CURVE('',#1012,#1012,#917,.T.);
#1241=EDGE_CURVE('',#1012,#1013,#477,.T.);
#1242=EDGE_CURVE('',#1013,#1013,#918,.T.);
#1243=EDGE_CURVE('',#1014,#1015,#478,.T.);
#1244=EDGE_CURVE('',#1016,#1014,#479,.T.);
#1245=EDGE_CURVE('',#1017,#1016,#480,.T.);
#1246=EDGE_CURVE('',#1018,#1017,#481,.T.);
#1247=EDGE_CURVE('',#1019,#1018,#482,.T.);
#1248=EDGE_CURVE('',#1015,#1019,#483,.T.);
#1249=EDGE_CURVE('',#1017,#1020,#484,.T.);
#1250=EDGE_CURVE('',#1021,#1020,#485,.T.);
#1251=EDGE_CURVE('',#1018,#1021,#486,.T.);
#1252=EDGE_CURVE('',#1016,#1022,#487,.T.);
#1253=EDGE_CURVE('',#1020,#1022,#488,.T.);
#1254=EDGE_CURVE('',#1014,#1023,#489,.T.);
#1255=EDGE_CURVE('',#1022,#1023,#490,.T.);
#1256=EDGE_CURVE('',#1024,#1025,#491,.T.);
#1257=EDGE_CURVE('',#1026,#1024,#492,.T.);
#1258=EDGE_CURVE('',#1027,#1026,#493,.T.);
#1259=EDGE_CURVE('',#1028,#1027,#494,.T.);
#1260=EDGE_CURVE('',#1029,#1028,#495,.T.);
#1261=EDGE_CURVE('',#1025,#1029,#496,.T.);
#1262=EDGE_CURVE('',#1027,#1030,#497,.T.);
#1263=EDGE_CURVE('',#1031,#1030,#498,.T.);
#1264=EDGE_CURVE('',#1028,#1031,#499,.T.);
#1265=EDGE_CURVE('',#1026,#1032,#500,.T.);
#1266=EDGE_CURVE('',#1030,#1032,#501,.T.);
#1267=EDGE_CURVE('',#1024,#1033,#502,.T.);
#1268=EDGE_CURVE('',#1032,#1033,#503,.T.);
#1269=EDGE_CURVE('',#1034,#1035,#504,.T.);
#1270=EDGE_CURVE('',#1034,#1036,#505,.T.);
#1271=EDGE_CURVE('',#1037,#1036,#506,.T.);
#1272=EDGE_CURVE('',#1035,#1037,#507,.T.);
#1273=EDGE_CURVE('',#1038,#1034,#508,.T.);
#1274=EDGE_CURVE('',#1038,#1039,#509,.T.);
#1275=EDGE_CURVE('',#1036,#1039,#510,.T.);
#1276=EDGE_CURVE('',#1040,#1038,#511,.T.);
#1277=EDGE_CURVE('',#1040,#1041,#512,.T.);
#1278=EDGE_CURVE('',#1039,#1041,#513,.T.);
#1279=EDGE_CURVE('',#1042,#1043,#514,.T.);
#1280=EDGE_CURVE('',#1044,#1042,#515,.T.);
#1281=EDGE_CURVE('',#1045,#1044,#516,.T.);
#1282=EDGE_CURVE('',#1046,#1045,#517,.T.);
#1283=EDGE_CURVE('',#1047,#1046,#518,.T.);
#1284=EDGE_CURVE('',#1043,#1047,#519,.T.);
#1285=EDGE_CURVE('',#1045,#1048,#520,.T.);
#1286=EDGE_CURVE('',#1049,#1048,#521,.T.);
#1287=EDGE_CURVE('',#1046,#1049,#522,.T.);
#1288=EDGE_CURVE('',#1044,#1050,#523,.T.);
#1289=EDGE_CURVE('',#1048,#1050,#524,.T.);
#1290=EDGE_CURVE('',#1042,#1051,#525,.T.);
#1291=EDGE_CURVE('',#1050,#1051,#526,.T.);
#1292=EDGE_CURVE('',#1029,#1052,#527,.T.);
#1293=EDGE_CURVE('',#1053,#1052,#528,.T.);
#1294=EDGE_CURVE('',#1025,#1053,#529,.T.);
#1295=EDGE_CURVE('',#1052,#1031,#530,.T.);
#1296=EDGE_CURVE('',#1033,#1053,#531,.T.);
#1297=EDGE_CURVE('',#1019,#1054,#532,.T.);
#1298=EDGE_CURVE('',#1055,#1054,#533,.T.);
#1299=EDGE_CURVE('',#1015,#1055,#534,.T.);
#1300=EDGE_CURVE('',#1054,#1021,#535,.T.);
#1301=EDGE_CURVE('',#1023,#1055,#536,.T.);
#1302=EDGE_CURVE('',#1047,#1056,#537,.T.);
#1303=EDGE_CURVE('',#1057,#1056,#538,.T.);
#1304=EDGE_CURVE('',#1043,#1057,#539,.T.);
#1305=EDGE_CURVE('',#1056,#1049,#540,.T.);
#1306=EDGE_CURVE('',#1051,#1057,#541,.T.);
#1307=EDGE_CURVE('',#1058,#1059,#542,.T.);
#1308=EDGE_CURVE('',#1058,#1060,#543,.T.);
#1309=EDGE_CURVE('',#1061,#1060,#544,.T.);
#1310=EDGE_CURVE('',#1059,#1061,#545,.T.);
#1311=EDGE_CURVE('',#1035,#1058,#546,.T.);
#1312=EDGE_CURVE('',#1060,#1037,#547,.T.);
#1313=EDGE_CURVE('',#1059,#1040,#548,.T.);
#1314=EDGE_CURVE('',#1041,#1061,#549,.T.);
#1315=EDGE_CURVE('',#1062,#1062,#919,.T.);
#1316=EDGE_CURVE('',#1062,#1063,#550,.T.);
#1317=EDGE_CURVE('',#1063,#1063,#920,.T.);
#1318=EDGE_CURVE('',#1064,#1064,#921,.T.);
#1319=EDGE_CURVE('',#1064,#1065,#551,.T.);
#1320=EDGE_CURVE('',#1065,#1065,#922,.T.);
#1321=EDGE_CURVE('',#1066,#1066,#923,.T.);
#1322=EDGE_CURVE('',#1066,#1067,#552,.T.);
#1323=EDGE_CURVE('',#1067,#1067,#924,.T.);
#1324=EDGE_CURVE('',#1068,#1068,#925,.T.);
#1325=EDGE_CURVE('',#1068,#1069,#553,.T.);
#1326=EDGE_CURVE('',#1069,#1069,#926,.T.);
#1327=EDGE_CURVE('',#978,#1070,#554,.T.);
#1328=EDGE_CURVE('',#1070,#1070,#927,.T.);
#1329=EDGE_CURVE('',#977,#1071,#555,.T.);
#1330=EDGE_CURVE('',#1071,#1071,#928,.T.);
#1331=EDGE_CURVE('',#976,#1072,#556,.T.);
#1332=EDGE_CURVE('',#1072,#1072,#929,.T.);
#1333=EDGE_CURVE('',#975,#1073,#557,.T.);
#1334=EDGE_CURVE('',#1073,#1073,#930,.T.);
#1335=EDGE_CURVE('',#1074,#1075,#558,.T.);
#1336=EDGE_CURVE('',#1074,#1076,#559,.T.);
#1337=EDGE_CURVE('',#1076,#1077,#560,.T.);
#1338=EDGE_CURVE('',#1075,#1077,#561,.T.);
#1339=EDGE_CURVE('',#1078,#1074,#562,.T.);
#1340=EDGE_CURVE('',#1078,#1079,#563,.T.);
#1341=EDGE_CURVE('',#1079,#1076,#564,.T.);
#1342=EDGE_CURVE('',#1080,#1078,#565,.T.);
#1343=EDGE_CURVE('',#1080,#1081,#566,.T.);
#1344=EDGE_CURVE('',#1081,#1079,#567,.T.);
#1345=EDGE_CURVE('',#1082,#1080,#568,.T.);
#1346=EDGE_CURVE('',#1082,#1083,#569,.T.);
#1347=EDGE_CURVE('',#1083,#1081,#570,.T.);
#1348=EDGE_CURVE('',#1084,#1082,#571,.T.);
#1349=EDGE_CURVE('',#1084,#1085,#572,.T.);
#1350=EDGE_CURVE('',#1085,#1083,#573,.T.);
#1351=EDGE_CURVE('',#1075,#1084,#574,.T.);
#1352=EDGE_CURVE('',#1077,#1085,#575,.T.);
#1353=EDGE_CURVE('',#1086,#1087,#576,.T.);
#1354=EDGE_CURVE('',#1086,#1088,#577,.T.);
#1355=EDGE_CURVE('',#1088,#1089,#578,.T.);
#1356=EDGE_CURVE('',#1087,#1089,#579,.T.);
#1357=EDGE_CURVE('',#1090,#1086,#580,.T.);
#1358=EDGE_CURVE('',#1090,#1091,#581,.T.);
#1359=EDGE_CURVE('',#1091,#1088,#582,.T.);
#1360=EDGE_CURVE('',#1092,#1090,#583,.T.);
#1361=EDGE_CURVE('',#1092,#1093,#584,.T.);
#1362=EDGE_CURVE('',#1093,#1091,#585,.T.);
#1363=EDGE_CURVE('',#1094,#1092,#586,.T.);
#1364=EDGE_CURVE('',#1094,#1095,#587,.T.);
#1365=EDGE_CURVE('',#1095,#1093,#588,.T.);
#1366=EDGE_CURVE('',#1096,#1094,#589,.T.);
#1367=EDGE_CURVE('',#1096,#1097,#590,.T.);
#1368=EDGE_CURVE('',#1097,#1095,#591,.T.);
#1369=EDGE_CURVE('',#1087,#1096,#592,.T.);
#1370=EDGE_CURVE('',#1089,#1097,#593,.T.);
#1371=EDGE_CURVE('',#1098,#1099,#594,.T.);
#1372=EDGE_CURVE('',#1098,#1100,#595,.T.);
#1373=EDGE_CURVE('',#1100,#1101,#596,.T.);
#1374=EDGE_CURVE('',#1099,#1101,#597,.T.);
#1375=EDGE_CURVE('',#1102,#1098,#598,.T.);
#1376=EDGE_CURVE('',#1102,#1103,#599,.T.);
#1377=EDGE_CURVE('',#1103,#1100,#600,.T.);
#1378=EDGE_CURVE('',#1104,#1102,#601,.T.);
#1379=EDGE_CURVE('',#1104,#1105,#602,.T.);
#1380=EDGE_CURVE('',#1105,#1103,#603,.T.);
#1381=EDGE_CURVE('',#1106,#1104,#604,.T.);
#1382=EDGE_CURVE('',#1106,#1107,#605,.T.);
#1383=EDGE_CURVE('',#1107,#1105,#606,.T.);
#1384=EDGE_CURVE('',#1108,#1106,#607,.T.);
#1385=EDGE_CURVE('',#1108,#1109,#608,.T.);
#1386=EDGE_CURVE('',#1109,#1107,#609,.T.);
#1387=EDGE_CURVE('',#1099,#1108,#610,.T.);
#1388=EDGE_CURVE('',#1101,#1109,#611,.T.);
#1389=EDGE_CURVE('',#1110,#1111,#612,.T.);
#1390=EDGE_CURVE('',#1110,#1112,#613,.T.);
#1391=EDGE_CURVE('',#1112,#1113,#614,.T.);
#1392=EDGE_CURVE('',#1111,#1113,#615,.T.);
#1393=EDGE_CURVE('',#1114,#1110,#616,.T.);
#1394=EDGE_CURVE('',#1114,#1115,#617,.T.);
#1395=EDGE_CURVE('',#1115,#1112,#618,.T.);
#1396=EDGE_CURVE('',#1116,#1114,#619,.T.);
#1397=EDGE_CURVE('',#1116,#1117,#620,.T.);
#1398=EDGE_CURVE('',#1117,#1115,#621,.T.);
#1399=EDGE_CURVE('',#1118,#1116,#622,.T.);
#1400=EDGE_CURVE('',#1118,#1119,#623,.T.);
#1401=EDGE_CURVE('',#1119,#1117,#624,.T.);
#1402=EDGE_CURVE('',#1120,#1118,#625,.T.);
#1403=EDGE_CURVE('',#1120,#1121,#626,.T.);
#1404=EDGE_CURVE('',#1121,#1119,#627,.T.);
#1405=EDGE_CURVE('',#1111,#1120,#628,.T.);
#1406=EDGE_CURVE('',#1113,#1121,#629,.T.);
#1407=EDGE_CURVE('',#967,#1122,#630,.T.);
#1408=EDGE_CURVE('',#1123,#966,#631,.T.);
#1409=EDGE_CURVE('',#1123,#1122,#931,.T.);
#1410=EDGE_CURVE('',#1124,#1004,#932,.T.);
#1411=EDGE_CURVE('',#1124,#1122,#632,.T.);
#1412=EDGE_CURVE('',#1123,#1125,#633,.T.);
#1413=EDGE_CURVE('',#1126,#1125,#933,.T.);
#1414=EDGE_CURVE('',#1126,#1127,#634,.T.);
#1415=EDGE_CURVE('',#1005,#1127,#934,.T.);
#1416=EDGE_CURVE('',#965,#1125,#635,.T.);
#1417=EDGE_CURVE('',#1124,#968,#636,.T.);
#1418=EDGE_CURVE('',#963,#1127,#637,.T.);
#1419=EDGE_CURVE('',#1128,#974,#638,.T.);
#1420=EDGE_CURVE('',#979,#1128,#935,.T.);
#1421=EDGE_CURVE('',#973,#1129,#639,.T.);
#1422=EDGE_CURVE('',#1129,#1128,#640,.T.);
#1423=EDGE_CURVE('',#1126,#964,#641,.T.);
#1424=EDGE_CURVE('',#1130,#972,#642,.T.);
#1425=EDGE_CURVE('',#1129,#1130,#936,.T.);
#1426=EDGE_CURVE('',#971,#1131,#643,.T.);
#1427=EDGE_CURVE('',#1131,#1130,#644,.T.);
#1428=EDGE_CURVE('',#986,#1131,#645,.T.);
#1429=ORIENTED_EDGE('',*,*,#1132,.T.);
#1430=ORIENTED_EDGE('',*,*,#1133,.T.);
#1431=ORIENTED_EDGE('',*,*,#1134,.T.);
#1432=ORIENTED_EDGE('',*,*,#1135,.T.);
#1433=ORIENTED_EDGE('',*,*,#1133,.F.);
#1434=ORIENTED_EDGE('',*,*,#1136,.T.);
#1435=ORIENTED_EDGE('',*,*,#1137,.F.);
#1436=ORIENTED_EDGE('',*,*,#1138,.T.);
#1437=ORIENTED_EDGE('',*,*,#1139,.T.);
#1438=ORIENTED_EDGE('',*,*,#1140,.T.);
#1439=ORIENTED_EDGE('',*,*,#1141,.T.);
#1440=ORIENTED_EDGE('',*,*,#1142,.T.);
#1441=ORIENTED_EDGE('',*,*,#1140,.F.);
#1442=ORIENTED_EDGE('',*,*,#1143,.T.);
#1443=ORIENTED_EDGE('',*,*,#1144,.F.);
#1444=ORIENTED_EDGE('',*,*,#1145,.F.);
#1445=ORIENTED_EDGE('',*,*,#1146,.T.);
#1446=ORIENTED_EDGE('',*,*,#1147,.T.);
#1447=ORIENTED_EDGE('',*,*,#1148,.T.);
#1448=ORIENTED_EDGE('',*,*,#1149,.T.);
#1449=ORIENTED_EDGE('',*,*,#1142,.F.);
#1450=ORIENTED_EDGE('',*,*,#1150,.F.);
#1451=ORIENTED_EDGE('',*,*,#1147,.F.);
#1452=ORIENTED_EDGE('',*,*,#1151,.T.);
#1453=ORIENTED_EDGE('',*,*,#1152,.T.);
#1454=ORIENTED_EDGE('',*,*,#1144,.T.);
#1455=ORIENTED_EDGE('',*,*,#1153,.T.);
#1456=ORIENTED_EDGE('',*,*,#1137,.T.);
#1457=ORIENTED_EDGE('',*,*,#1154,.F.);
#1458=ORIENTED_EDGE('',*,*,#1155,.T.);
#1459=ORIENTED_EDGE('',*,*,#1156,.T.);
#1460=ORIENTED_EDGE('',*,*,#1157,.F.);
#1461=ORIENTED_EDGE('',*,*,#1158,.F.);
#1462=ORIENTED_EDGE('',*,*,#1159,.T.);
#1463=ORIENTED_EDGE('',*,*,#1160,.T.);
#1464=ORIENTED_EDGE('',*,*,#1155,.F.);
#1465=ORIENTED_EDGE('',*,*,#1161,.F.);
#1466=ORIENTED_EDGE('',*,*,#1162,.T.);
#1467=ORIENTED_EDGE('',*,*,#1163,.T.);
#1468=ORIENTED_EDGE('',*,*,#1159,.F.);
#1469=ORIENTED_EDGE('',*,*,#1164,.F.);
#1470=ORIENTED_EDGE('',*,*,#1157,.T.);
#1471=ORIENTED_EDGE('',*,*,#1165,.T.);
#1472=ORIENTED_EDGE('',*,*,#1162,.F.);
#1473=ORIENTED_EDGE('',*,*,#1165,.F.);
#1474=ORIENTED_EDGE('',*,*,#1156,.F.);
#1475=ORIENTED_EDGE('',*,*,#1160,.F.);
#1476=ORIENTED_EDGE('',*,*,#1163,.F.);
#1477=ORIENTED_EDGE('',*,*,#1153,.F.);
#1478=ORIENTED_EDGE('',*,*,#1143,.F.);
#1479=ORIENTED_EDGE('',*,*,#1139,.F.);
#1480=ORIENTED_EDGE('',*,*,#1151,.F.);
#1481=ORIENTED_EDGE('',*,*,#1146,.F.);
#1482=ORIENTED_EDGE('',*,*,#1166,.F.);
#1483=ORIENTED_EDGE('',*,*,#1134,.F.);
#1484=ORIENTED_EDGE('',*,*,#1138,.F.);
#1485=ORIENTED_EDGE('',*,*,#1167,.T.);
#1486=ORIENTED_EDGE('',*,*,#1168,.T.);
#1487=ORIENTED_EDGE('',*,*,#1169,.T.);
#1488=ORIENTED_EDGE('',*,*,#1170,.T.);
#1489=ORIENTED_EDGE('',*,*,#1171,.T.);
#1490=ORIENTED_EDGE('',*,*,#1172,.T.);
#1491=ORIENTED_EDGE('',*,*,#1173,.T.);
#1492=ORIENTED_EDGE('',*,*,#1174,.T.);
#1493=ORIENTED_EDGE('',*,*,#1175,.T.);
#1494=ORIENTED_EDGE('',*,*,#1176,.T.);
#1495=ORIENTED_EDGE('',*,*,#1177,.T.);
#1496=ORIENTED_EDGE('',*,*,#1178,.T.);
#1497=ORIENTED_EDGE('',*,*,#1179,.T.);
#1498=ORIENTED_EDGE('',*,*,#1180,.T.);
#1499=ORIENTED_EDGE('',*,*,#1181,.T.);
#1500=ORIENTED_EDGE('',*,*,#1182,.T.);
#1501=ORIENTED_EDGE('',*,*,#1183,.T.);
#1502=ORIENTED_EDGE('',*,*,#1184,.T.);
#1503=ORIENTED_EDGE('',*,*,#1185,.T.);
#1504=ORIENTED_EDGE('',*,*,#1186,.T.);
#1505=ORIENTED_EDGE('',*,*,#1187,.F.);
#1506=ORIENTED_EDGE('',*,*,#1188,.T.);
#1507=ORIENTED_EDGE('',*,*,#1189,.T.);
#1508=ORIENTED_EDGE('',*,*,#1190,.T.);
#1509=ORIENTED_EDGE('',*,*,#1191,.F.);
#1510=ORIENTED_EDGE('',*,*,#1192,.T.);
#1511=ORIENTED_EDGE('',*,*,#1193,.F.);
#1512=ORIENTED_EDGE('',*,*,#1194,.T.);
#1513=ORIENTED_EDGE('',*,*,#1195,.T.);
#1514=ORIENTED_EDGE('',*,*,#1196,.F.);
#1515=ORIENTED_EDGE('',*,*,#1175,.F.);
#1516=ORIENTED_EDGE('',*,*,#1145,.T.);
#1517=ORIENTED_EDGE('',*,*,#1152,.F.);
#1518=ORIENTED_EDGE('',*,*,#1136,.F.);
#1519=ORIENTED_EDGE('',*,*,#1132,.F.);
#1520=ORIENTED_EDGE('',*,*,#1197,.F.);
#1521=ORIENTED_EDGE('',*,*,#1148,.F.);
#1522=ORIENTED_EDGE('',*,*,#1150,.T.);
#1523=ORIENTED_EDGE('',*,*,#1141,.F.);
#1524=ORIENTED_EDGE('',*,*,#1198,.F.);
#1525=ORIENTED_EDGE('',*,*,#1199,.T.);
#1526=ORIENTED_EDGE('',*,*,#1200,.F.);
#1527=ORIENTED_EDGE('',*,*,#1199,.F.);
#1528=ORIENTED_EDGE('',*,*,#1201,.T.);
#1529=ORIENTED_EDGE('',*,*,#1202,.F.);
#1530=ORIENTED_EDGE('',*,*,#1203,.F.);
#1531=ORIENTED_EDGE('',*,*,#1204,.F.);
#1532=ORIENTED_EDGE('',*,*,#1205,.T.);
#1533=ORIENTED_EDGE('',*,*,#1206,.F.);
#1534=ORIENTED_EDGE('',*,*,#1207,.F.);
#1535=ORIENTED_EDGE('',*,*,#1208,.T.);
#1536=ORIENTED_EDGE('',*,*,#1209,.F.);
#1537=ORIENTED_EDGE('',*,*,#1210,.F.);
#1538=ORIENTED_EDGE('',*,*,#1211,.F.);
#1539=ORIENTED_EDGE('',*,*,#1212,.F.);
#1540=ORIENTED_EDGE('',*,*,#1213,.F.);
#1541=ORIENTED_EDGE('',*,*,#1214,.F.);
#1542=ORIENTED_EDGE('',*,*,#1215,.T.);
#1543=ORIENTED_EDGE('',*,*,#1216,.F.);
#1544=ORIENTED_EDGE('',*,*,#1206,.T.);
#1545=ORIENTED_EDGE('',*,*,#1217,.F.);
#1546=ORIENTED_EDGE('',*,*,#1208,.F.);
#1547=ORIENTED_EDGE('',*,*,#1218,.F.);
#1548=ORIENTED_EDGE('',*,*,#1215,.F.);
#1549=ORIENTED_EDGE('',*,*,#1219,.F.);
#1550=ORIENTED_EDGE('',*,*,#1220,.T.);
#1551=ORIENTED_EDGE('',*,*,#1221,.F.);
#1552=ORIENTED_EDGE('',*,*,#1220,.F.);
#1553=ORIENTED_EDGE('',*,*,#1222,.T.);
#1554=ORIENTED_EDGE('',*,*,#1223,.F.);
#1555=ORIENTED_EDGE('',*,*,#1204,.T.);
#1556=ORIENTED_EDGE('',*,*,#1224,.T.);
#1557=ORIENTED_EDGE('',*,*,#1210,.T.);
#1558=ORIENTED_EDGE('',*,*,#1190,.F.);
#1559=ORIENTED_EDGE('',*,*,#1225,.F.);
#1560=ORIENTED_EDGE('',*,*,#1194,.F.);
#1561=ORIENTED_EDGE('',*,*,#1213,.T.);
#1562=ORIENTED_EDGE('',*,*,#1218,.T.);
#1563=ORIENTED_EDGE('',*,*,#1221,.T.);
#1564=ORIENTED_EDGE('',*,*,#1211,.T.);
#1565=ORIENTED_EDGE('',*,*,#1224,.F.);
#1566=ORIENTED_EDGE('',*,*,#1203,.T.);
#1567=ORIENTED_EDGE('',*,*,#1226,.F.);
#1568=ORIENTED_EDGE('',*,*,#1227,.T.);
#1569=ORIENTED_EDGE('',*,*,#1228,.F.);
#1570=ORIENTED_EDGE('',*,*,#1229,.T.);
#1571=ORIENTED_EDGE('',*,*,#1167,.F.);
#1572=ORIENTED_EDGE('',*,*,#1154,.T.);
#1573=ORIENTED_EDGE('',*,*,#1164,.T.);
#1574=ORIENTED_EDGE('',*,*,#1161,.T.);
#1575=ORIENTED_EDGE('',*,*,#1158,.T.);
#1576=ORIENTED_EDGE('',*,*,#1135,.F.);
#1577=ORIENTED_EDGE('',*,*,#1166,.T.);
#1578=ORIENTED_EDGE('',*,*,#1149,.F.);
#1579=ORIENTED_EDGE('',*,*,#1197,.T.);
#1580=ORIENTED_EDGE('',*,*,#1212,.T.);
#1581=ORIENTED_EDGE('',*,*,#1226,.T.);
#1582=ORIENTED_EDGE('',*,*,#1202,.T.);
#1583=ORIENTED_EDGE('',*,*,#1230,.F.);
#1584=ORIENTED_EDGE('',*,*,#1188,.F.);
#1585=ORIENTED_EDGE('',*,*,#1231,.F.);
#1586=ORIENTED_EDGE('',*,*,#1232,.T.);
#1587=ORIENTED_EDGE('',*,*,#1233,.F.);
#1588=ORIENTED_EDGE('',*,*,#1232,.F.);
#1589=ORIENTED_EDGE('',*,*,#1234,.F.);
#1590=ORIENTED_EDGE('',*,*,#1235,.T.);
#1591=ORIENTED_EDGE('',*,*,#1236,.F.);
#1592=ORIENTED_EDGE('',*,*,#1235,.F.);
#1593=ORIENTED_EDGE('',*,*,#1237,.F.);
#1594=ORIENTED_EDGE('',*,*,#1238,.T.);
#1595=ORIENTED_EDGE('',*,*,#1239,.F.);
#1596=ORIENTED_EDGE('',*,*,#1238,.F.);
#1597=ORIENTED_EDGE('',*,*,#1240,.F.);
#1598=ORIENTED_EDGE('',*,*,#1241,.T.);
#1599=ORIENTED_EDGE('',*,*,#1242,.F.);
#1600=ORIENTED_EDGE('',*,*,#1241,.F.);
#1601=ORIENTED_EDGE('',*,*,#1243,.F.);
#1602=ORIENTED_EDGE('',*,*,#1244,.F.);
#1603=ORIENTED_EDGE('',*,*,#1245,.F.);
#1604=ORIENTED_EDGE('',*,*,#1246,.F.);
#1605=ORIENTED_EDGE('',*,*,#1247,.F.);
#1606=ORIENTED_EDGE('',*,*,#1248,.F.);
#1607=ORIENTED_EDGE('',*,*,#1242,.T.);
#1608=ORIENTED_EDGE('',*,*,#1246,.T.);
#1609=ORIENTED_EDGE('',*,*,#1249,.T.);
#1610=ORIENTED_EDGE('',*,*,#1250,.F.);
#1611=ORIENTED_EDGE('',*,*,#1251,.F.);
#1612=ORIENTED_EDGE('',*,*,#1245,.T.);
#1613=ORIENTED_EDGE('',*,*,#1252,.T.);
#1614=ORIENTED_EDGE('',*,*,#1253,.F.);
#1615=ORIENTED_EDGE('',*,*,#1249,.F.);
#1616=ORIENTED_EDGE('',*,*,#1244,.T.);
#1617=ORIENTED_EDGE('',*,*,#1254,.T.);
#1618=ORIENTED_EDGE('',*,*,#1255,.F.);
#1619=ORIENTED_EDGE('',*,*,#1252,.F.);
#1620=ORIENTED_EDGE('',*,*,#1256,.F.);
#1621=ORIENTED_EDGE('',*,*,#1257,.F.);
#1622=ORIENTED_EDGE('',*,*,#1258,.F.);
#1623=ORIENTED_EDGE('',*,*,#1259,.F.);
#1624=ORIENTED_EDGE('',*,*,#1260,.F.);
#1625=ORIENTED_EDGE('',*,*,#1261,.F.);
#1626=ORIENTED_EDGE('',*,*,#1233,.T.);
#1627=ORIENTED_EDGE('',*,*,#1259,.T.);
#1628=ORIENTED_EDGE('',*,*,#1262,.T.);
#1629=ORIENTED_EDGE('',*,*,#1263,.F.);
#1630=ORIENTED_EDGE('',*,*,#1264,.F.);
#1631=ORIENTED_EDGE('',*,*,#1258,.T.);
#1632=ORIENTED_EDGE('',*,*,#1265,.T.);
#1633=ORIENTED_EDGE('',*,*,#1266,.F.);
#1634=ORIENTED_EDGE('',*,*,#1262,.F.);
#1635=ORIENTED_EDGE('',*,*,#1257,.T.);
#1636=ORIENTED_EDGE('',*,*,#1267,.T.);
#1637=ORIENTED_EDGE('',*,*,#1268,.F.);
#1638=ORIENTED_EDGE('',*,*,#1265,.F.);
#1639=ORIENTED_EDGE('',*,*,#1269,.F.);
#1640=ORIENTED_EDGE('',*,*,#1270,.T.);
#1641=ORIENTED_EDGE('',*,*,#1271,.F.);
#1642=ORIENTED_EDGE('',*,*,#1272,.F.);
#1643=ORIENTED_EDGE('',*,*,#1273,.F.);
#1644=ORIENTED_EDGE('',*,*,#1274,.T.);
#1645=ORIENTED_EDGE('',*,*,#1275,.F.);
#1646=ORIENTED_EDGE('',*,*,#1270,.F.);
#1647=ORIENTED_EDGE('',*,*,#1276,.F.);
#1648=ORIENTED_EDGE('',*,*,#1277,.T.);
#1649=ORIENTED_EDGE('',*,*,#1278,.F.);
#1650=ORIENTED_EDGE('',*,*,#1274,.F.);
#1651=ORIENTED_EDGE('',*,*,#1279,.F.);
#1652=ORIENTED_EDGE('',*,*,#1280,.F.);
#1653=ORIENTED_EDGE('',*,*,#1281,.F.);
#1654=ORIENTED_EDGE('',*,*,#1282,.F.);
#1655=ORIENTED_EDGE('',*,*,#1283,.F.);
#1656=ORIENTED_EDGE('',*,*,#1284,.F.);
#1657=ORIENTED_EDGE('',*,*,#1239,.T.);
#1658=ORIENTED_EDGE('',*,*,#1282,.T.);
#1659=ORIENTED_EDGE('',*,*,#1285,.T.);
#1660=ORIENTED_EDGE('',*,*,#1286,.F.);
#1661=ORIENTED_EDGE('',*,*,#1287,.F.);
#1662=ORIENTED_EDGE('',*,*,#1281,.T.);
#1663=ORIENTED_EDGE('',*,*,#1288,.T.);
#1664=ORIENTED_EDGE('',*,*,#1289,.F.);
#1665=ORIENTED_EDGE('',*,*,#1285,.F.);
#1666=ORIENTED_EDGE('',*,*,#1280,.T.);
#1667=ORIENTED_EDGE('',*,*,#1290,.T.);
#1668=ORIENTED_EDGE('',*,*,#1291,.F.);
#1669=ORIENTED_EDGE('',*,*,#1288,.F.);
#1670=ORIENTED_EDGE('',*,*,#1261,.T.);
#1671=ORIENTED_EDGE('',*,*,#1292,.T.);
#1672=ORIENTED_EDGE('',*,*,#1293,.F.);
#1673=ORIENTED_EDGE('',*,*,#1294,.F.);
#1674=ORIENTED_EDGE('',*,*,#1260,.T.);
#1675=ORIENTED_EDGE('',*,*,#1264,.T.);
#1676=ORIENTED_EDGE('',*,*,#1295,.F.);
#1677=ORIENTED_EDGE('',*,*,#1292,.F.);
#1678=ORIENTED_EDGE('',*,*,#1256,.T.);
#1679=ORIENTED_EDGE('',*,*,#1294,.T.);
#1680=ORIENTED_EDGE('',*,*,#1296,.F.);
#1681=ORIENTED_EDGE('',*,*,#1267,.F.);
#1682=ORIENTED_EDGE('',*,*,#1248,.T.);
#1683=ORIENTED_EDGE('',*,*,#1297,.T.);
#1684=ORIENTED_EDGE('',*,*,#1298,.F.);
#1685=ORIENTED_EDGE('',*,*,#1299,.F.);
#1686=ORIENTED_EDGE('',*,*,#1247,.T.);
#1687=ORIENTED_EDGE('',*,*,#1251,.T.);
#1688=ORIENTED_EDGE('',*,*,#1300,.F.);
#1689=ORIENTED_EDGE('',*,*,#1297,.F.);
#1690=ORIENTED_EDGE('',*,*,#1243,.T.);
#1691=ORIENTED_EDGE('',*,*,#1299,.T.);
#1692=ORIENTED_EDGE('',*,*,#1301,.F.);
#1693=ORIENTED_EDGE('',*,*,#1254,.F.);
#1694=ORIENTED_EDGE('',*,*,#1284,.T.);
#1695=ORIENTED_EDGE('',*,*,#1302,.T.);
#1696=ORIENTED_EDGE('',*,*,#1303,.F.);
#1697=ORIENTED_EDGE('',*,*,#1304,.F.);
#1698=ORIENTED_EDGE('',*,*,#1283,.T.);
#1699=ORIENTED_EDGE('',*,*,#1287,.T.);
#1700=ORIENTED_EDGE('',*,*,#1305,.F.);
#1701=ORIENTED_EDGE('',*,*,#1302,.F.);
#1702=ORIENTED_EDGE('',*,*,#1279,.T.);
#1703=ORIENTED_EDGE('',*,*,#1304,.T.);
#1704=ORIENTED_EDGE('',*,*,#1306,.F.);
#1705=ORIENTED_EDGE('',*,*,#1290,.F.);
#1706=ORIENTED_EDGE('',*,*,#1307,.F.);
#1707=ORIENTED_EDGE('',*,*,#1308,.T.);
#1708=ORIENTED_EDGE('',*,*,#1309,.F.);
#1709=ORIENTED_EDGE('',*,*,#1310,.F.);
#1710=ORIENTED_EDGE('',*,*,#1311,.F.);
#1711=ORIENTED_EDGE('',*,*,#1272,.T.);
#1712=ORIENTED_EDGE('',*,*,#1312,.F.);
#1713=ORIENTED_EDGE('',*,*,#1308,.F.);
#1714=ORIENTED_EDGE('',*,*,#1313,.F.);
#1715=ORIENTED_EDGE('',*,*,#1310,.T.);
#1716=ORIENTED_EDGE('',*,*,#1314,.F.);
#1717=ORIENTED_EDGE('',*,*,#1277,.F.);
#1718=ORIENTED_EDGE('',*,*,#1315,.F.);
#1719=ORIENTED_EDGE('',*,*,#1316,.T.);
#1720=ORIENTED_EDGE('',*,*,#1317,.F.);
#1721=ORIENTED_EDGE('',*,*,#1316,.F.);
#1722=ORIENTED_EDGE('',*,*,#1315,.T.);
#1723=ORIENTED_EDGE('',*,*,#1237,.T.);
#1724=ORIENTED_EDGE('',*,*,#1318,.F.);
#1725=ORIENTED_EDGE('',*,*,#1319,.T.);
#1726=ORIENTED_EDGE('',*,*,#1320,.F.);
#1727=ORIENTED_EDGE('',*,*,#1319,.F.);
#1728=ORIENTED_EDGE('',*,*,#1321,.F.);
#1729=ORIENTED_EDGE('',*,*,#1322,.T.);
#1730=ORIENTED_EDGE('',*,*,#1323,.F.);
#1731=ORIENTED_EDGE('',*,*,#1322,.F.);
#1732=ORIENTED_EDGE('',*,*,#1321,.T.);
#1733=ORIENTED_EDGE('',*,*,#1240,.T.);
#1734=ORIENTED_EDGE('',*,*,#1324,.F.);
#1735=ORIENTED_EDGE('',*,*,#1325,.T.);
#1736=ORIENTED_EDGE('',*,*,#1326,.F.);
#1737=ORIENTED_EDGE('',*,*,#1325,.F.);
#1738=ORIENTED_EDGE('',*,*,#1324,.T.);
#1739=ORIENTED_EDGE('',*,*,#1231,.T.);
#1740=ORIENTED_EDGE('',*,*,#1184,.F.);
#1741=ORIENTED_EDGE('',*,*,#1327,.T.);
#1742=ORIENTED_EDGE('',*,*,#1328,.F.);
#1743=ORIENTED_EDGE('',*,*,#1327,.F.);
#1744=ORIENTED_EDGE('',*,*,#1183,.F.);
#1745=ORIENTED_EDGE('',*,*,#1329,.T.);
#1746=ORIENTED_EDGE('',*,*,#1330,.F.);
#1747=ORIENTED_EDGE('',*,*,#1329,.F.);
#1748=ORIENTED_EDGE('',*,*,#1182,.F.);
#1749=ORIENTED_EDGE('',*,*,#1331,.T.);
#1750=ORIENTED_EDGE('',*,*,#1332,.F.);
#1751=ORIENTED_EDGE('',*,*,#1331,.F.);
#1752=ORIENTED_EDGE('',*,*,#1181,.F.);
#1753=ORIENTED_EDGE('',*,*,#1333,.T.);
#1754=ORIENTED_EDGE('',*,*,#1334,.F.);
#1755=ORIENTED_EDGE('',*,*,#1333,.F.);
#1756=ORIENTED_EDGE('',*,*,#1335,.F.);
#1757=ORIENTED_EDGE('',*,*,#1336,.T.);
#1758=ORIENTED_EDGE('',*,*,#1337,.T.);
#1759=ORIENTED_EDGE('',*,*,#1338,.F.);
#1760=ORIENTED_EDGE('',*,*,#1339,.F.);
#1761=ORIENTED_EDGE('',*,*,#1340,.T.);
#1762=ORIENTED_EDGE('',*,*,#1341,.T.);
#1763=ORIENTED_EDGE('',*,*,#1336,.F.);
#1764=ORIENTED_EDGE('',*,*,#1342,.F.);
#1765=ORIENTED_EDGE('',*,*,#1343,.T.);
#1766=ORIENTED_EDGE('',*,*,#1344,.T.);
#1767=ORIENTED_EDGE('',*,*,#1340,.F.);
#1768=ORIENTED_EDGE('',*,*,#1345,.F.);
#1769=ORIENTED_EDGE('',*,*,#1346,.T.);
#1770=ORIENTED_EDGE('',*,*,#1347,.T.);
#1771=ORIENTED_EDGE('',*,*,#1343,.F.);
#1772=ORIENTED_EDGE('',*,*,#1348,.F.);
#1773=ORIENTED_EDGE('',*,*,#1349,.T.);
#1774=ORIENTED_EDGE('',*,*,#1350,.T.);
#1775=ORIENTED_EDGE('',*,*,#1346,.F.);
#1776=ORIENTED_EDGE('',*,*,#1351,.F.);
#1777=ORIENTED_EDGE('',*,*,#1338,.T.);
#1778=ORIENTED_EDGE('',*,*,#1352,.T.);
#1779=ORIENTED_EDGE('',*,*,#1349,.F.);
#1780=ORIENTED_EDGE('',*,*,#1352,.F.);
#1781=ORIENTED_EDGE('',*,*,#1337,.F.);
#1782=ORIENTED_EDGE('',*,*,#1341,.F.);
#1783=ORIENTED_EDGE('',*,*,#1344,.F.);
#1784=ORIENTED_EDGE('',*,*,#1347,.F.);
#1785=ORIENTED_EDGE('',*,*,#1350,.F.);
#1786=ORIENTED_EDGE('',*,*,#1334,.T.);
#1787=ORIENTED_EDGE('',*,*,#1353,.F.);
#1788=ORIENTED_EDGE('',*,*,#1354,.T.);
#1789=ORIENTED_EDGE('',*,*,#1355,.T.);
#1790=ORIENTED_EDGE('',*,*,#1356,.F.);
#1791=ORIENTED_EDGE('',*,*,#1357,.F.);
#1792=ORIENTED_EDGE('',*,*,#1358,.T.);
#1793=ORIENTED_EDGE('',*,*,#1359,.T.);
#1794=ORIENTED_EDGE('',*,*,#1354,.F.);
#1795=ORIENTED_EDGE('',*,*,#1360,.F.);
#1796=ORIENTED_EDGE('',*,*,#1361,.T.);
#1797=ORIENTED_EDGE('',*,*,#1362,.T.);
#1798=ORIENTED_EDGE('',*,*,#1358,.F.);
#1799=ORIENTED_EDGE('',*,*,#1363,.F.);
#1800=ORIENTED_EDGE('',*,*,#1364,.T.);
#1801=ORIENTED_EDGE('',*,*,#1365,.T.);
#1802=ORIENTED_EDGE('',*,*,#1361,.F.);
#1803=ORIENTED_EDGE('',*,*,#1366,.F.);
#1804=ORIENTED_EDGE('',*,*,#1367,.T.);
#1805=ORIENTED_EDGE('',*,*,#1368,.T.);
#1806=ORIENTED_EDGE('',*,*,#1364,.F.);
#1807=ORIENTED_EDGE('',*,*,#1369,.F.);
#1808=ORIENTED_EDGE('',*,*,#1356,.T.);
#1809=ORIENTED_EDGE('',*,*,#1370,.T.);
#1810=ORIENTED_EDGE('',*,*,#1367,.F.);
#1811=ORIENTED_EDGE('',*,*,#1370,.F.);
#1812=ORIENTED_EDGE('',*,*,#1355,.F.);
#1813=ORIENTED_EDGE('',*,*,#1359,.F.);
#1814=ORIENTED_EDGE('',*,*,#1362,.F.);
#1815=ORIENTED_EDGE('',*,*,#1365,.F.);
#1816=ORIENTED_EDGE('',*,*,#1368,.F.);
#1817=ORIENTED_EDGE('',*,*,#1332,.T.);
#1818=ORIENTED_EDGE('',*,*,#1371,.F.);
#1819=ORIENTED_EDGE('',*,*,#1372,.T.);
#1820=ORIENTED_EDGE('',*,*,#1373,.T.);
#1821=ORIENTED_EDGE('',*,*,#1374,.F.);
#1822=ORIENTED_EDGE('',*,*,#1375,.F.);
#1823=ORIENTED_EDGE('',*,*,#1376,.T.);
#1824=ORIENTED_EDGE('',*,*,#1377,.T.);
#1825=ORIENTED_EDGE('',*,*,#1372,.F.);
#1826=ORIENTED_EDGE('',*,*,#1378,.F.);
#1827=ORIENTED_EDGE('',*,*,#1379,.T.);
#1828=ORIENTED_EDGE('',*,*,#1380,.T.);
#1829=ORIENTED_EDGE('',*,*,#1376,.F.);
#1830=ORIENTED_EDGE('',*,*,#1381,.F.);
#1831=ORIENTED_EDGE('',*,*,#1382,.T.);
#1832=ORIENTED_EDGE('',*,*,#1383,.T.);
#1833=ORIENTED_EDGE('',*,*,#1379,.F.);
#1834=ORIENTED_EDGE('',*,*,#1384,.F.);
#1835=ORIENTED_EDGE('',*,*,#1385,.T.);
#1836=ORIENTED_EDGE('',*,*,#1386,.T.);
#1837=ORIENTED_EDGE('',*,*,#1382,.F.);
#1838=ORIENTED_EDGE('',*,*,#1387,.F.);
#1839=ORIENTED_EDGE('',*,*,#1374,.T.);
#1840=ORIENTED_EDGE('',*,*,#1388,.T.);
#1841=ORIENTED_EDGE('',*,*,#1385,.F.);
#1842=ORIENTED_EDGE('',*,*,#1388,.F.);
#1843=ORIENTED_EDGE('',*,*,#1373,.F.);
#1844=ORIENTED_EDGE('',*,*,#1377,.F.);
#1845=ORIENTED_EDGE('',*,*,#1380,.F.);
#1846=ORIENTED_EDGE('',*,*,#1383,.F.);
#1847=ORIENTED_EDGE('',*,*,#1386,.F.);
#1848=ORIENTED_EDGE('',*,*,#1330,.T.);
#1849=ORIENTED_EDGE('',*,*,#1389,.F.);
#1850=ORIENTED_EDGE('',*,*,#1390,.T.);
#1851=ORIENTED_EDGE('',*,*,#1391,.T.);
#1852=ORIENTED_EDGE('',*,*,#1392,.F.);
#1853=ORIENTED_EDGE('',*,*,#1393,.F.);
#1854=ORIENTED_EDGE('',*,*,#1394,.T.);
#1855=ORIENTED_EDGE('',*,*,#1395,.T.);
#1856=ORIENTED_EDGE('',*,*,#1390,.F.);
#1857=ORIENTED_EDGE('',*,*,#1396,.F.);
#1858=ORIENTED_EDGE('',*,*,#1397,.T.);
#1859=ORIENTED_EDGE('',*,*,#1398,.T.);
#1860=ORIENTED_EDGE('',*,*,#1394,.F.);
#1861=ORIENTED_EDGE('',*,*,#1399,.F.);
#1862=ORIENTED_EDGE('',*,*,#1400,.T.);
#1863=ORIENTED_EDGE('',*,*,#1401,.T.);
#1864=ORIENTED_EDGE('',*,*,#1397,.F.);
#1865=ORIENTED_EDGE('',*,*,#1402,.F.);
#1866=ORIENTED_EDGE('',*,*,#1403,.T.);
#1867=ORIENTED_EDGE('',*,*,#1404,.T.);
#1868=ORIENTED_EDGE('',*,*,#1400,.F.);
#1869=ORIENTED_EDGE('',*,*,#1405,.F.);
#1870=ORIENTED_EDGE('',*,*,#1392,.T.);
#1871=ORIENTED_EDGE('',*,*,#1406,.T.);
#1872=ORIENTED_EDGE('',*,*,#1403,.F.);
#1873=ORIENTED_EDGE('',*,*,#1406,.F.);
#1874=ORIENTED_EDGE('',*,*,#1391,.F.);
#1875=ORIENTED_EDGE('',*,*,#1395,.F.);
#1876=ORIENTED_EDGE('',*,*,#1398,.F.);
#1877=ORIENTED_EDGE('',*,*,#1401,.F.);
#1878=ORIENTED_EDGE('',*,*,#1404,.F.);
#1879=ORIENTED_EDGE('',*,*,#1328,.T.);
#1880=ORIENTED_EDGE('',*,*,#1407,.F.);
#1881=ORIENTED_EDGE('',*,*,#1172,.F.);
#1882=ORIENTED_EDGE('',*,*,#1408,.F.);
#1883=ORIENTED_EDGE('',*,*,#1409,.T.);
#1884=ORIENTED_EDGE('',*,*,#1228,.T.);
#1885=ORIENTED_EDGE('',*,*,#1410,.F.);
#1886=ORIENTED_EDGE('',*,*,#1411,.T.);
#1887=ORIENTED_EDGE('',*,*,#1409,.F.);
#1888=ORIENTED_EDGE('',*,*,#1412,.T.);
#1889=ORIENTED_EDGE('',*,*,#1413,.F.);
#1890=ORIENTED_EDGE('',*,*,#1414,.T.);
#1891=ORIENTED_EDGE('',*,*,#1415,.F.);
#1892=ORIENTED_EDGE('',*,*,#1266,.T.);
#1893=ORIENTED_EDGE('',*,*,#1268,.T.);
#1894=ORIENTED_EDGE('',*,*,#1296,.T.);
#1895=ORIENTED_EDGE('',*,*,#1293,.T.);
#1896=ORIENTED_EDGE('',*,*,#1295,.T.);
#1897=ORIENTED_EDGE('',*,*,#1263,.T.);
#1898=ORIENTED_EDGE('',*,*,#1253,.T.);
#1899=ORIENTED_EDGE('',*,*,#1255,.T.);
#1900=ORIENTED_EDGE('',*,*,#1301,.T.);
#1901=ORIENTED_EDGE('',*,*,#1298,.T.);
#1902=ORIENTED_EDGE('',*,*,#1300,.T.);
#1903=ORIENTED_EDGE('',*,*,#1250,.T.);
#1904=ORIENTED_EDGE('',*,*,#1289,.T.);
#1905=ORIENTED_EDGE('',*,*,#1291,.T.);
#1906=ORIENTED_EDGE('',*,*,#1306,.T.);
#1907=ORIENTED_EDGE('',*,*,#1303,.T.);
#1908=ORIENTED_EDGE('',*,*,#1305,.T.);
#1909=ORIENTED_EDGE('',*,*,#1286,.T.);
#1910=ORIENTED_EDGE('',*,*,#1275,.T.);
#1911=ORIENTED_EDGE('',*,*,#1278,.T.);
#1912=ORIENTED_EDGE('',*,*,#1314,.T.);
#1913=ORIENTED_EDGE('',*,*,#1309,.T.);
#1914=ORIENTED_EDGE('',*,*,#1312,.T.);
#1915=ORIENTED_EDGE('',*,*,#1271,.T.);
#1916=ORIENTED_EDGE('',*,*,#1335,.T.);
#1917=ORIENTED_EDGE('',*,*,#1351,.T.);
#1918=ORIENTED_EDGE('',*,*,#1348,.T.);
#1919=ORIENTED_EDGE('',*,*,#1345,.T.);
#1920=ORIENTED_EDGE('',*,*,#1342,.T.);
#1921=ORIENTED_EDGE('',*,*,#1339,.T.);
#1922=ORIENTED_EDGE('',*,*,#1353,.T.);
#1923=ORIENTED_EDGE('',*,*,#1369,.T.);
#1924=ORIENTED_EDGE('',*,*,#1366,.T.);
#1925=ORIENTED_EDGE('',*,*,#1363,.T.);
#1926=ORIENTED_EDGE('',*,*,#1360,.T.);
#1927=ORIENTED_EDGE('',*,*,#1357,.T.);
#1928=ORIENTED_EDGE('',*,*,#1371,.T.);
#1929=ORIENTED_EDGE('',*,*,#1387,.T.);
#1930=ORIENTED_EDGE('',*,*,#1384,.T.);
#1931=ORIENTED_EDGE('',*,*,#1381,.T.);
#1932=ORIENTED_EDGE('',*,*,#1378,.T.);
#1933=ORIENTED_EDGE('',*,*,#1375,.T.);
#1934=ORIENTED_EDGE('',*,*,#1389,.T.);
#1935=ORIENTED_EDGE('',*,*,#1405,.T.);
#1936=ORIENTED_EDGE('',*,*,#1402,.T.);
#1937=ORIENTED_EDGE('',*,*,#1399,.T.);
#1938=ORIENTED_EDGE('',*,*,#1396,.T.);
#1939=ORIENTED_EDGE('',*,*,#1393,.T.);
#1940=ORIENTED_EDGE('',*,*,#1408,.T.);
#1941=ORIENTED_EDGE('',*,*,#1171,.F.);
#1942=ORIENTED_EDGE('',*,*,#1416,.T.);
#1943=ORIENTED_EDGE('',*,*,#1412,.F.);
#1944=ORIENTED_EDGE('',*,*,#1417,.F.);
#1945=ORIENTED_EDGE('',*,*,#1410,.T.);
#1946=ORIENTED_EDGE('',*,*,#1227,.F.);
#1947=ORIENTED_EDGE('',*,*,#1174,.F.);
#1948=ORIENTED_EDGE('',*,*,#1229,.F.);
#1949=ORIENTED_EDGE('',*,*,#1415,.T.);
#1950=ORIENTED_EDGE('',*,*,#1418,.F.);
#1951=ORIENTED_EDGE('',*,*,#1168,.F.);
#1952=ORIENTED_EDGE('',*,*,#1185,.F.);
#1953=ORIENTED_EDGE('',*,*,#1180,.F.);
#1954=ORIENTED_EDGE('',*,*,#1419,.F.);
#1955=ORIENTED_EDGE('',*,*,#1420,.F.);
#1956=ORIENTED_EDGE('',*,*,#1419,.T.);
#1957=ORIENTED_EDGE('',*,*,#1179,.F.);
#1958=ORIENTED_EDGE('',*,*,#1421,.T.);
#1959=ORIENTED_EDGE('',*,*,#1422,.T.);
#1960=ORIENTED_EDGE('',*,*,#1418,.T.);
#1961=ORIENTED_EDGE('',*,*,#1414,.F.);
#1962=ORIENTED_EDGE('',*,*,#1423,.T.);
#1963=ORIENTED_EDGE('',*,*,#1169,.F.);
#1964=ORIENTED_EDGE('',*,*,#1416,.F.);
#1965=ORIENTED_EDGE('',*,*,#1170,.F.);
#1966=ORIENTED_EDGE('',*,*,#1423,.F.);
#1967=ORIENTED_EDGE('',*,*,#1413,.T.);
#1968=ORIENTED_EDGE('',*,*,#1424,.F.);
#1969=ORIENTED_EDGE('',*,*,#1425,.F.);
#1970=ORIENTED_EDGE('',*,*,#1421,.F.);
#1971=ORIENTED_EDGE('',*,*,#1178,.F.);
#1972=ORIENTED_EDGE('',*,*,#1424,.T.);
#1973=ORIENTED_EDGE('',*,*,#1177,.F.);
#1974=ORIENTED_EDGE('',*,*,#1426,.T.);
#1975=ORIENTED_EDGE('',*,*,#1427,.T.);
#1976=ORIENTED_EDGE('',*,*,#1196,.T.);
#1977=ORIENTED_EDGE('',*,*,#1428,.T.);
#1978=ORIENTED_EDGE('',*,*,#1426,.F.);
#1979=ORIENTED_EDGE('',*,*,#1176,.F.);
#1980=ORIENTED_EDGE('',*,*,#1200,.T.);
#1981=ORIENTED_EDGE('',*,*,#1407,.T.);
#1982=ORIENTED_EDGE('',*,*,#1411,.F.);
#1983=ORIENTED_EDGE('',*,*,#1417,.T.);
#1984=ORIENTED_EDGE('',*,*,#1173,.F.);
#1985=ORIENTED_EDGE('',*,*,#1198,.T.);
#1986=ORIENTED_EDGE('',*,*,#1318,.T.);
#1987=ORIENTED_EDGE('',*,*,#1234,.T.);
#1988=ORIENTED_EDGE('',*,*,#1313,.T.);
#1989=ORIENTED_EDGE('',*,*,#1276,.T.);
#1990=ORIENTED_EDGE('',*,*,#1273,.T.);
#1991=ORIENTED_EDGE('',*,*,#1269,.T.);
#1992=ORIENTED_EDGE('',*,*,#1311,.T.);
#1993=ORIENTED_EDGE('',*,*,#1307,.T.);
#1994=ORIENTED_EDGE('',*,*,#1236,.T.);
#1995=ORIENTED_EDGE('',*,*,#1216,.T.);
#1996=ORIENTED_EDGE('',*,*,#1207,.T.);
#1997=ORIENTED_EDGE('',*,*,#1187,.T.);
#1998=ORIENTED_EDGE('',*,*,#1230,.T.);
#1999=ORIENTED_EDGE('',*,*,#1201,.F.);
#2000=ORIENTED_EDGE('',*,*,#1217,.T.);
#2001=ORIENTED_EDGE('',*,*,#1205,.F.);
#2002=ORIENTED_EDGE('',*,*,#1223,.T.);
#2003=ORIENTED_EDGE('',*,*,#1191,.T.);
#2004=ORIENTED_EDGE('',*,*,#1209,.T.);
#2005=ORIENTED_EDGE('',*,*,#1219,.T.);
#2006=ORIENTED_EDGE('',*,*,#1214,.T.);
#2007=ORIENTED_EDGE('',*,*,#1193,.T.);
#2008=ORIENTED_EDGE('',*,*,#1225,.T.);
#2009=ORIENTED_EDGE('',*,*,#1222,.F.);
#2010=ORIENTED_EDGE('',*,*,#1192,.F.);
#2011=ORIENTED_EDGE('',*,*,#1189,.F.);
#2012=ORIENTED_EDGE('',*,*,#1186,.F.);
#2013=ORIENTED_EDGE('',*,*,#1420,.T.);
#2014=ORIENTED_EDGE('',*,*,#1422,.F.);
#2015=ORIENTED_EDGE('',*,*,#1425,.T.);
#2016=ORIENTED_EDGE('',*,*,#1427,.F.);
#2017=ORIENTED_EDGE('',*,*,#1428,.F.);
#2018=ORIENTED_EDGE('',*,*,#1195,.F.);
#2019=ORIENTED_EDGE('',*,*,#1326,.T.);
#2020=ORIENTED_EDGE('',*,*,#1323,.T.);
#2021=ORIENTED_EDGE('',*,*,#1320,.T.);
#2022=ORIENTED_EDGE('',*,*,#1317,.T.);
#2023=CYLINDRICAL_SURFACE('',#2183,1.);
#2024=CYLINDRICAL_SURFACE('',#2187,1.);
#2025=CYLINDRICAL_SURFACE('',#2191,1.);
#2026=CYLINDRICAL_SURFACE('',#2195,1.);
#2027=CYLINDRICAL_SURFACE('',#2215,3.);
#2028=CYLINDRICAL_SURFACE('',#2218,7.5);
#2029=CYLINDRICAL_SURFACE('',#2223,7.5);
#2030=CYLINDRICAL_SURFACE('',#2228,7.5);
#2031=CYLINDRICAL_SURFACE('',#2233,7.5);
#2032=CYLINDRICAL_SURFACE('',#2242,1.65);
#2033=CYLINDRICAL_SURFACE('',#2245,1.65);
#2034=CYLINDRICAL_SURFACE('',#2248,1.65);
#2035=CYLINDRICAL_SURFACE('',#2251,1.65);
#2036=CYLINDRICAL_SURFACE('',#2281,4.);
#2037=CYLINDRICAL_SURFACE('',#2285,4.);
#2038=CYLINDRICAL_SURFACE('',#2288,4.);
#2039=CYLINDRICAL_SURFACE('',#2292,4.);
#2040=CYLINDRICAL_SURFACE('',#2296,1.65);
#2041=CYLINDRICAL_SURFACE('',#2298,1.64999999999999);
#2042=CYLINDRICAL_SURFACE('',#2300,1.64999999999999);
#2043=CYLINDRICAL_SURFACE('',#2302,1.65);
#2044=CYLINDRICAL_SURFACE('',#2332,4.);
#2045=CYLINDRICAL_SURFACE('',#2339,4.);
#2046=CYLINDRICAL_SURFACE('',#2340,3.99999999999999);
#2047=CYLINDRICAL_SURFACE('',#2341,3.99999999999999);
#2048=CYLINDRICAL_SURFACE('',#2345,4.);
#2049=CYLINDRICAL_SURFACE('',#2346,4.);
#2050=CYLINDRICAL_SURFACE('',#2353,7.5);
#2051=CYLINDRICAL_SURFACE('',#2354,7.5);
#2052=CYLINDRICAL_SURFACE('',#2355,7.5);
#2053=ADVANCED_FACE('',(#141),#2023,.F.);
#2054=ADVANCED_FACE('',(#142),#55,.T.);
#2055=ADVANCED_FACE('',(#143),#2024,.F.);
#2056=ADVANCED_FACE('',(#144),#56,.T.);
#2057=ADVANCED_FACE('',(#145),#2025,.F.);
#2058=ADVANCED_FACE('',(#146),#57,.T.);
#2059=ADVANCED_FACE('',(#147),#2026,.F.);
#2060=ADVANCED_FACE('',(#148),#58,.F.);
#2061=ADVANCED_FACE('',(#149),#59,.F.);
#2062=ADVANCED_FACE('',(#150),#60,.F.);
#2063=ADVANCED_FACE('',(#151),#61,.F.);
#2064=ADVANCED_FACE('',(#152,#21),#62,.F.);
#2065=ADVANCED_FACE('',(#153,#22,#23,#24,#25,#26),#63,.T.);
#2066=ADVANCED_FACE('',(#154,#27),#64,.F.);
#2067=ADVANCED_FACE('',(#155),#2027,.F.);
#2068=ADVANCED_FACE('',(#156),#2028,.F.);
#2069=ADVANCED_FACE('',(#157),#2029,.F.);
#2070=ADVANCED_FACE('',(#158),#2030,.F.);
#2071=ADVANCED_FACE('',(#159),#65,.T.);
#2072=ADVANCED_FACE('',(#160),#66,.T.);
#2073=ADVANCED_FACE('',(#161),#2031,.F.);
#2074=ADVANCED_FACE('',(#162),#67,.F.);
#2075=ADVANCED_FACE('',(#163),#68,.F.);
#2076=ADVANCED_FACE('',(#164),#69,.F.);
#2077=ADVANCED_FACE('',(#165,#28),#70,.T.);
#2078=ADVANCED_FACE('',(#166),#71,.T.);
#2079=ADVANCED_FACE('',(#167),#72,.F.);
#2080=ADVANCED_FACE('',(#168),#2032,.F.);
#2081=ADVANCED_FACE('',(#169),#2033,.F.);
#2082=ADVANCED_FACE('',(#170),#2034,.F.);
#2083=ADVANCED_FACE('',(#171),#2035,.F.);
#2084=ADVANCED_FACE('',(#172,#29),#73,.T.);
#2085=ADVANCED_FACE('',(#173),#74,.F.);
#2086=ADVANCED_FACE('',(#174),#75,.F.);
#2087=ADVANCED_FACE('',(#175),#76,.F.);
#2088=ADVANCED_FACE('',(#176,#30),#77,.T.);
#2089=ADVANCED_FACE('',(#177),#78,.F.);
#2090=ADVANCED_FACE('',(#178),#79,.F.);
#2091=ADVANCED_FACE('',(#179),#80,.F.);
#2092=ADVANCED_FACE('',(#180),#81,.F.);
#2093=ADVANCED_FACE('',(#181),#82,.F.);
#2094=ADVANCED_FACE('',(#182),#83,.F.);
#2095=ADVANCED_FACE('',(#183,#31),#84,.T.);
#2096=ADVANCED_FACE('',(#184),#85,.F.);
#2097=ADVANCED_FACE('',(#185),#86,.F.);
#2098=ADVANCED_FACE('',(#186),#87,.F.);
#2099=ADVANCED_FACE('',(#187),#88,.F.);
#2100=ADVANCED_FACE('',(#188),#89,.F.);
#2101=ADVANCED_FACE('',(#189),#90,.F.);
#2102=ADVANCED_FACE('',(#190),#91,.F.);
#2103=ADVANCED_FACE('',(#191),#92,.F.);
#2104=ADVANCED_FACE('',(#192),#93,.F.);
#2105=ADVANCED_FACE('',(#193),#94,.F.);
#2106=ADVANCED_FACE('',(#194),#95,.F.);
#2107=ADVANCED_FACE('',(#195),#96,.F.);
#2108=ADVANCED_FACE('',(#196),#97,.F.);
#2109=ADVANCED_FACE('',(#197),#98,.F.);
#2110=ADVANCED_FACE('',(#198),#99,.F.);
#2111=ADVANCED_FACE('',(#199),#2036,.T.);
#2112=ADVANCED_FACE('',(#200,#32),#100,.T.);
#2113=ADVANCED_FACE('',(#201),#2037,.T.);
#2114=ADVANCED_FACE('',(#202),#2038,.T.);
#2115=ADVANCED_FACE('',(#203,#33),#101,.T.);
#2116=ADVANCED_FACE('',(#204),#2039,.T.);
#2117=ADVANCED_FACE('',(#205,#34),#102,.T.);
#2118=ADVANCED_FACE('',(#206),#2040,.F.);
#2119=ADVANCED_FACE('',(#207),#2041,.F.);
#2120=ADVANCED_FACE('',(#208),#2042,.F.);
#2121=ADVANCED_FACE('',(#209),#2043,.F.);
#2122=ADVANCED_FACE('',(#210),#103,.F.);
#2123=ADVANCED_FACE('',(#211),#104,.F.);
#2124=ADVANCED_FACE('',(#212),#105,.F.);
#2125=ADVANCED_FACE('',(#213),#106,.F.);
#2126=ADVANCED_FACE('',(#214),#107,.F.);
#2127=ADVANCED_FACE('',(#215),#108,.F.);
#2128=ADVANCED_FACE('',(#216,#35),#109,.F.);
#2129=ADVANCED_FACE('',(#217),#110,.F.);
#2130=ADVANCED_FACE('',(#218),#111,.F.);
#2131=ADVANCED_FACE('',(#219),#112,.F.);
#2132=ADVANCED_FACE('',(#220),#113,.F.);
#2133=ADVANCED_FACE('',(#221),#114,.F.);
#2134=ADVANCED_FACE('',(#222),#115,.F.);
#2135=ADVANCED_FACE('',(#223,#36),#116,.F.);
#2136=ADVANCED_FACE('',(#224),#117,.F.);
#2137=ADVANCED_FACE('',(#225),#118,.F.);
#2138=ADVANCED_FACE('',(#226),#119,.F.);
#2139=ADVANCED_FACE('',(#227),#120,.F.);
#2140=ADVANCED_FACE('',(#228),#121,.F.);
#2141=ADVANCED_FACE('',(#229),#122,.F.);
#2142=ADVANCED_FACE('',(#230,#37),#123,.F.);
#2143=ADVANCED_FACE('',(#231),#124,.F.);
#2144=ADVANCED_FACE('',(#232),#125,.F.);
#2145=ADVANCED_FACE('',(#233),#126,.F.);
#2146=ADVANCED_FACE('',(#234),#127,.F.);
#2147=ADVANCED_FACE('',(#235),#128,.F.);
#2148=ADVANCED_FACE('',(#236),#129,.F.);
#2149=ADVANCED_FACE('',(#237,#38),#130,.F.);
#2150=ADVANCED_FACE('',(#238),#2044,.T.);
#2151=ADVANCED_FACE('',(#239,#39,#40,#41,#42,#43,#44,#45,#46),#131,.F.);
#2152=ADVANCED_FACE('',(#240),#132,.T.);
#2153=ADVANCED_FACE('',(#241),#2045,.T.);
#2154=ADVANCED_FACE('',(#242),#2046,.T.);
#2155=ADVANCED_FACE('',(#243),#2047,.T.);
#2156=ADVANCED_FACE('',(#244),#133,.F.);
#2157=ADVANCED_FACE('',(#245),#134,.T.);
#2158=ADVANCED_FACE('',(#246),#2048,.T.);
#2159=ADVANCED_FACE('',(#247),#2049,.T.);
#2160=ADVANCED_FACE('',(#248),#135,.F.);
#2161=ADVANCED_FACE('',(#249,#47),#136,.F.);
#2162=ADVANCED_FACE('',(#250,#48),#137,.T.);
#2163=ADVANCED_FACE('',(#251,#49),#138,.T.);
#2164=ADVANCED_FACE('',(#252,#50),#139,.T.);
#2165=ADVANCED_FACE('',(#253),#2050,.T.);
#2166=ADVANCED_FACE('',(#254),#2051,.T.);
#2167=ADVANCED_FACE('',(#255),#2052,.T.);
#2168=ADVANCED_FACE('',(#256,#51,#52,#53,#54),#140,.F.);
#2169=CLOSED_SHELL('',(#2053,#2054,#2055,#2056,#2057,#2058,#2059,#2060,
#2061,#2062,#2063,#2064,#2065,#2066,#2067,#2068,#2069,#2070,#2071,#2072,
#2073,#2074,#2075,#2076,#2077,#2078,#2079,#2080,#2081,#2082,#2083,#2084,
#2085,#2086,#2087,#2088,#2089,#2090,#2091,#2092,#2093,#2094,#2095,#2096,
#2097,#2098,#2099,#2100,#2101,#2102,#2103,#2104,#2105,#2106,#2107,#2108,
#2109,#2110,#2111,#2112,#2113,#2114,#2115,#2116,#2117,#2118,#2119,#2120,
#2121,#2122,#2123,#2124,#2125,#2126,#2127,#2128,#2129,#2130,#2131,#2132,
#2133,#2134,#2135,#2136,#2137,#2138,#2139,#2140,#2141,#2142,#2143,#2144,
#2145,#2146,#2147,#2148,#2149,#2150,#2151,#2152,#2153,#2154,#2155,#2156,
#2157,#2158,#2159,#2160,#2161,#2162,#2163,#2164,#2165,#2166,#2167,#2168));
#2170=DERIVED_UNIT_ELEMENT(#2172,1.);
#2171=DERIVED_UNIT_ELEMENT(#3560,-3.);
#2172=(
MASS_UNIT()
NAMED_UNIT(*)
SI_UNIT(.KILO.,.GRAM.)
);
#2173=DERIVED_UNIT((#2170,#2171));
#2174=MEASURE_REPRESENTATION_ITEM('density measure',
POSITIVE_RATIO_MEASURE(7850.),#2173);
#2175=PROPERTY_DEFINITION_REPRESENTATION(#2180,#2177);
#2176=PROPERTY_DEFINITION_REPRESENTATION(#2181,#2178);
#2177=REPRESENTATION('material name',(#2179),#3557);
#2178=REPRESENTATION('density',(#2174),#3557);
#2179=DESCRIPTIVE_REPRESENTATION_ITEM('Stahl','Stahl');
#2180=PROPERTY_DEFINITION('material property','material name',#3567);
#2181=PROPERTY_DEFINITION('material property','density of part',#3567);
#2182=AXIS2_PLACEMENT_3D('',#2946,#2357,#2358);
#2183=AXIS2_PLACEMENT_3D('',#2947,#2359,#2360);
#2184=AXIS2_PLACEMENT_3D('',#2950,#2361,#2362);
#2185=AXIS2_PLACEMENT_3D('',#2954,#2364,#2365);
#2186=AXIS2_PLACEMENT_3D('',#2956,#2367,#2368);
#2187=AXIS2_PLACEMENT_3D('',#2962,#2372,#2373);
#2188=AXIS2_PLACEMENT_3D('',#2965,#2374,#2375);
#2189=AXIS2_PLACEMENT_3D('',#2969,#2377,#2378);
#2190=AXIS2_PLACEMENT_3D('',#2971,#2380,#2381);
#2191=AXIS2_PLACEMENT_3D('',#2977,#2385,#2386);
#2192=AXIS2_PLACEMENT_3D('',#2980,#2387,#2388);
#2193=AXIS2_PLACEMENT_3D('',#2984,#2390,#2391);
#2194=AXIS2_PLACEMENT_3D('',#2986,#2393,#2394);
#2195=AXIS2_PLACEMENT_3D('',#2989,#2397,#2398);
#2196=AXIS2_PLACEMENT_3D('',#2990,#2399,#2400);
#2197=AXIS2_PLACEMENT_3D('',#2991,#2401,#2402);
#2198=AXIS2_PLACEMENT_3D('',#2992,#2403,#2404);
#2199=AXIS2_PLACEMENT_3D('',#3001,#2409,#2410);
#2200=AXIS2_PLACEMENT_3D('',#3007,#2414,#2415);
#2201=AXIS2_PLACEMENT_3D('',#3013,#2419,#2420);
#2202=AXIS2_PLACEMENT_3D('',#3016,#2423,#2424);
#2203=AXIS2_PLACEMENT_3D('',#3018,#2426,#2427);
#2204=AXIS2_PLACEMENT_3D('',#3023,#2429,#2430);
#2205=AXIS2_PLACEMENT_3D('',#3027,#2432,#2433);
#2206=AXIS2_PLACEMENT_3D('',#3031,#2435,#2436);
#2207=AXIS2_PLACEMENT_3D('',#3034,#2438,#2439);
#2208=AXIS2_PLACEMENT_3D('',#3043,#2443,#2444);
#2209=AXIS2_PLACEMENT_3D('',#3046,#2446,#2447);
#2210=AXIS2_PLACEMENT_3D('',#3048,#2448,#2449);
#2211=AXIS2_PLACEMENT_3D('',#3050,#2450,#2451);
#2212=AXIS2_PLACEMENT_3D('',#3052,#2452,#2453);
#2213=AXIS2_PLACEMENT_3D('',#3054,#2454,#2455);
#2214=AXIS2_PLACEMENT_3D('',#3055,#2456,#2457);
#2215=AXIS2_PLACEMENT_3D('',#3077,#2471,#2472);
#2216=AXIS2_PLACEMENT_3D('',#3079,#2473,#2474);
#2217=AXIS2_PLACEMENT_3D('',#3082,#2476,#2477);
#2218=AXIS2_PLACEMENT_3D('',#3083,#2478,#2479);
#2219=AXIS2_PLACEMENT_3D('',#3086,#2480,#2481);
#2220=AXIS2_PLACEMENT_3D('',#3088,#2482,#2483);
#2221=AXIS2_PLACEMENT_3D('',#3092,#2485,#2486);
#2222=AXIS2_PLACEMENT_3D('',#3094,#2487,#2488);
#2223=AXIS2_PLACEMENT_3D('',#3096,#2490,#2491);
#2224=AXIS2_PLACEMENT_3D('',#3098,#2492,#2493);
#2225=AXIS2_PLACEMENT_3D('',#3101,#2495,#2496);
#2226=AXIS2_PLACEMENT_3D('',#3103,#2497,#2498);
#2227=AXIS2_PLACEMENT_3D('',#3106,#2500,#2501);
#2228=AXIS2_PLACEMENT_3D('',#3107,#2502,#2503);
#2229=AXIS2_PLACEMENT_3D('',#3109,#2504,#2505);
#2230=AXIS2_PLACEMENT_3D('',#3111,#2506,#2507);
#2231=AXIS2_PLACEMENT_3D('',#3113,#2509,#2510);
#2232=AXIS2_PLACEMENT_3D('',#3116,#2513,#2514);
#2233=AXIS2_PLACEMENT_3D('',#3122,#2518,#2519);
#2234=AXIS2_PLACEMENT_3D('',#3124,#2520,#2521);
#2235=AXIS2_PLACEMENT_3D('',#3125,#2522,#2523);
#2236=AXIS2_PLACEMENT_3D('',#3126,#2524,#2525);
#2237=AXIS2_PLACEMENT_3D('',#3129,#2528,#2529);
#2238=AXIS2_PLACEMENT_3D('',#3131,#2531,#2532);
#2239=AXIS2_PLACEMENT_3D('',#3133,#2534,#2535);
#2240=AXIS2_PLACEMENT_3D('',#3139,#2539,#2540);
#2241=AXIS2_PLACEMENT_3D('',#3140,#2541,#2542);
#2242=AXIS2_PLACEMENT_3D('',#3142,#2544,#2545);
#2243=AXIS2_PLACEMENT_3D('',#3144,#2546,#2547);
#2244=AXIS2_PLACEMENT_3D('',#3147,#2549,#2550);
#2245=AXIS2_PLACEMENT_3D('',#3148,#2551,#2552);
#2246=AXIS2_PLACEMENT_3D('',#3150,#2553,#2554);
#2247=AXIS2_PLACEMENT_3D('',#3153,#2556,#2557);
#2248=AXIS2_PLACEMENT_3D('',#3154,#2558,#2559);
#2249=AXIS2_PLACEMENT_3D('',#3156,#2560,#2561);
#2250=AXIS2_PLACEMENT_3D('',#3159,#2563,#2564);
#2251=AXIS2_PLACEMENT_3D('',#3160,#2565,#2566);
#2252=AXIS2_PLACEMENT_3D('',#3162,#2567,#2568);
#2253=AXIS2_PLACEMENT_3D('',#3165,#2570,#2571);
#2254=AXIS2_PLACEMENT_3D('',#3166,#2572,#2573);
#2255=AXIS2_PLACEMENT_3D('',#3179,#2580,#2581);
#2256=AXIS2_PLACEMENT_3D('',#3185,#2585,#2586);
#2257=AXIS2_PLACEMENT_3D('',#3189,#2589,#2590);
#2258=AXIS2_PLACEMENT_3D('',#3193,#2593,#2594);
#2259=AXIS2_PLACEMENT_3D('',#3206,#2601,#2602);
#2260=AXIS2_PLACEMENT_3D('',#3212,#2606,#2607);
#2261=AXIS2_PLACEMENT_3D('',#3216,#2610,#2611);
#2262=AXIS2_PLACEMENT_3D('',#3220,#2614,#2615);
#2263=AXIS2_PLACEMENT_3D('',#3229,#2620,#2621);
#2264=AXIS2_PLACEMENT_3D('',#3235,#2625,#2626);
#2265=AXIS2_PLACEMENT_3D('',#3241,#2630,#2631);
#2266=AXIS2_PLACEMENT_3D('',#3254,#2638,#2639);
#2267=AXIS2_PLACEMENT_3D('',#3260,#2643,#2644);
#2268=AXIS2_PLACEMENT_3D('',#3264,#2647,#2648);
#2269=AXIS2_PLACEMENT_3D('',#3268,#2651,#2652);
#2270=AXIS2_PLACEMENT_3D('',#3274,#2656,#2657);
#2271=AXIS2_PLACEMENT_3D('',#3276,#2659,#2660);
#2272=AXIS2_PLACEMENT_3D('',#3278,#2662,#2663);
#2273=AXIS2_PLACEMENT_3D('',#3284,#2667,#2668);
#2274=AXIS2_PLACEMENT_3D('',#3286,#2670,#2671);
#2275=AXIS2_PLACEMENT_3D('',#3288,#2673,#2674);
#2276=AXIS2_PLACEMENT_3D('',#3294,#2678,#2679);
#2277=AXIS2_PLACEMENT_3D('',#3296,#2681,#2682);
#2278=AXIS2_PLACEMENT_3D('',#3298,#2684,#2685);
#2279=AXIS2_PLACEMENT_3D('',#3307,#2690,#2691);
#2280=AXIS2_PLACEMENT_3D('',#3310,#2694,#2695);
#2281=AXIS2_PLACEMENT_3D('',#3313,#2698,#2699);
#2282=AXIS2_PLACEMENT_3D('',#3315,#2700,#2701);
#2283=AXIS2_PLACEMENT_3D('',#3318,#2703,#2704);
#2284=AXIS2_PLACEMENT_3D('',#3319,#2705,#2706);
#2285=AXIS2_PLACEMENT_3D('',#3320,#2707,#2708);
#2286=AXIS2_PLACEMENT_3D('',#3322,#2709,#2710);
#2287=AXIS2_PLACEMENT_3D('',#3325,#2712,#2713);
#2288=AXIS2_PLACEMENT_3D('',#3326,#2714,#2715);
#2289=AXIS2_PLACEMENT_3D('',#3328,#2716,#2717);
#2290=AXIS2_PLACEMENT_3D('',#3331,#2719,#2720);
#2291=AXIS2_PLACEMENT_3D('',#3332,#2721,#2722);
#2292=AXIS2_PLACEMENT_3D('',#3333,#2723,#2724);
#2293=AXIS2_PLACEMENT_3D('',#3335,#2725,#2726);
#2294=AXIS2_PLACEMENT_3D('',#3338,#2728,#2729);
#2295=AXIS2_PLACEMENT_3D('',#3339,#2730,#2731);
#2296=AXIS2_PLACEMENT_3D('',#3340,#2732,#2733);
#2297=AXIS2_PLACEMENT_3D('',#3343,#2735,#2736);
#2298=AXIS2_PLACEMENT_3D('',#3344,#2737,#2738);
#2299=AXIS2_PLACEMENT_3D('',#3347,#2740,#2741);
#2300=AXIS2_PLACEMENT_3D('',#3348,#2742,#2743);
#2301=AXIS2_PLACEMENT_3D('',#3351,#2745,#2746);
#2302=AXIS2_PLACEMENT_3D('',#3352,#2747,#2748);
#2303=AXIS2_PLACEMENT_3D('',#3355,#2750,#2751);
#2304=AXIS2_PLACEMENT_3D('',#3356,#2752,#2753);
#2305=AXIS2_PLACEMENT_3D('',#3365,#2758,#2759);
#2306=AXIS2_PLACEMENT_3D('',#3371,#2763,#2764);
#2307=AXIS2_PLACEMENT_3D('',#3377,#2768,#2769);
#2308=AXIS2_PLACEMENT_3D('',#3383,#2773,#2774);
#2309=AXIS2_PLACEMENT_3D('',#3389,#2778,#2779);
#2310=AXIS2_PLACEMENT_3D('',#3392,#2782,#2783);
#2311=AXIS2_PLACEMENT_3D('',#3393,#2784,#2785);
#2312=AXIS2_PLACEMENT_3D('',#3402,#2790,#2791);
#2313=AXIS2_PLACEMENT_3D('',#3408,#2795,#2796);
#2314=AXIS2_PLACEMENT_3D('',#3414,#2800,#2801);
#2315=AXIS2_PLACEMENT_3D('',#3420,#2805,#2806);
#2316=AXIS2_PLACEMENT_3D('',#3426,#2810,#2811);
#2317=AXIS2_PLACEMENT_3D('',#3429,#2814,#2815);
#2318=AXIS2_PLACEMENT_3D('',#3430,#2816,#2817);
#2319=AXIS2_PLACEMENT_3D('',#3439,#2822,#2823);
#2320=AXIS2_PLACEMENT_3D('',#3445,#2827,#2828);
#2321=AXIS2_PLACEMENT_3D('',#3451,#2832,#2833);
#2322=AXIS2_PLACEMENT_3D('',#3457,#2837,#2838);
#2323=AXIS2_PLACEMENT_3D('',#3463,#2842,#2843);
#2324=AXIS2_PLACEMENT_3D('',#3466,#2846,#2847);
#2325=AXIS2_PLACEMENT_3D('',#3467,#2848,#2849);
#2326=AXIS2_PLACEMENT_3D('',#3476,#2854,#2855);
#2327=AXIS2_PLACEMENT_3D('',#3482,#2859,#2860);
#2328=AXIS2_PLACEMENT_3D('',#3488,#2864,#2865);
#2329=AXIS2_PLACEMENT_3D('',#3494,#2869,#2870);
#2330=AXIS2_PLACEMENT_3D('',#3500,#2874,#2875);
#2331=AXIS2_PLACEMENT_3D('',#3503,#2878,#2879);
#2332=AXIS2_PLACEMENT_3D('',#3504,#2880,#2881);
#2333=AXIS2_PLACEMENT_3D('',#3509,#2884,#2885);
#2334=AXIS2_PLACEMENT_3D('',#3510,#2886,#2887);
#2335=AXIS2_PLACEMENT_3D('',#3512,#2888,#2889);
#2336=AXIS2_PLACEMENT_3D('',#3517,#2892,#2893);
#2337=AXIS2_PLACEMENT_3D('',#3520,#2895,#2896);
#2338=AXIS2_PLACEMENT_3D('',#3521,#2897,#2898);
#2339=AXIS2_PLACEMENT_3D('',#3523,#2900,#2901);
#2340=AXIS2_PLACEMENT_3D('',#3525,#2903,#2904);
#2341=AXIS2_PLACEMENT_3D('',#3527,#2906,#2907);
#2342=AXIS2_PLACEMENT_3D('',#3530,#2909,#2910);
#2343=AXIS2_PLACEMENT_3D('',#3531,#2911,#2912);
#2344=AXIS2_PLACEMENT_3D('',#3535,#2915,#2916);
#2345=AXIS2_PLACEMENT_3D('',#3537,#2918,#2919);
#2346=AXIS2_PLACEMENT_3D('',#3538,#2920,#2921);
#2347=AXIS2_PLACEMENT_3D('',#3541,#2923,#2924);
#2348=AXIS2_PLACEMENT_3D('',#3542,#2925,#2926);
#2349=AXIS2_PLACEMENT_3D('',#3546,#2929,#2930);
#2350=AXIS2_PLACEMENT_3D('',#3548,#2932,#2933);
#2351=AXIS2_PLACEMENT_3D('',#3549,#2934,#2935);
#2352=AXIS2_PLACEMENT_3D('',#3550,#2936,#2937);
#2353=AXIS2_PLACEMENT_3D('',#3551,#2938,#2939);
#2354=AXIS2_PLACEMENT_3D('',#3552,#2940,#2941);
#2355=AXIS2_PLACEMENT_3D('',#3553,#2942,#2943);
#2356=AXIS2_PLACEMENT_3D('',#3554,#2944,#2945);
#2357=DIRECTION('axis',(0.,0.,1.));
#2358=DIRECTION('refdir',(1.,0.,0.));
#2359=DIRECTION('center_axis',(-1.,0.,0.));
#2360=DIRECTION('ref_axis',(0.,0.707106781186548,-0.707106781186548));
#2361=DIRECTION('center_axis',(1.,0.,0.));
#2362=DIRECTION('ref_axis',(0.,0.707106781186548,-0.707106781186548));
#2363=DIRECTION('',(-1.,0.,0.));
#2364=DIRECTION('center_axis',(-1.,0.,0.));
#2365=DIRECTION('ref_axis',(0.,0.707106781186548,-0.707106781186548));
#2366=DIRECTION('',(1.,0.,0.));
#2367=DIRECTION('center_axis',(0.,-1.,0.));
#2368=DIRECTION('ref_axis',(1.,0.,0.));
#2369=DIRECTION('',(0.,0.,1.));
#2370=DIRECTION('',(1.,0.,0.));
#2371=DIRECTION('',(0.,0.,-1.));
#2372=DIRECTION('center_axis',(1.,0.,0.));
#2373=DIRECTION('ref_axis',(0.,-0.707106781186547,0.707106781186548));
#2374=DIRECTION('center_axis',(-1.,0.,0.));
#2375=DIRECTION('ref_axis',(0.,-0.707106781186547,0.707106781186548));
#2376=DIRECTION('',(1.,0.,0.));
#2377=DIRECTION('center_axis',(1.,0.,0.));
#2378=DIRECTION('ref_axis',(0.,-0.707106781186547,0.707106781186548));
#2379=DIRECTION('',(-1.,0.,0.));
#2380=DIRECTION('center_axis',(0.,0.,-1.));
#2381=DIRECTION('ref_axis',(-1.,0.,0.));
#2382=DIRECTION('',(0.,1.,0.));
#2383=DIRECTION('',(-1.,0.,0.));
#2384=DIRECTION('',(0.,1.,0.));
#2385=DIRECTION('center_axis',(1.,0.,0.));
#2386=DIRECTION('ref_axis',(0.,-0.707106781186548,-0.707106781186548));
#2387=DIRECTION('center_axis',(-1.,0.,0.));
#2388=DIRECTION('ref_axis',(0.,-0.707106781186548,-0.707106781186548));
#2389=DIRECTION('',(1.,0.,0.));
#2390=DIRECTION('center_axis',(1.,0.,0.));
#2391=DIRECTION('ref_axis',(0.,-0.707106781186548,-0.707106781186548));
#2392=DIRECTION('',(-1.,0.,0.));
#2393=DIRECTION('center_axis',(0.,1.,0.));
#2394=DIRECTION('ref_axis',(-1.,0.,0.));
#2395=DIRECTION('',(0.,0.,1.));
#2396=DIRECTION('',(0.,0.,1.));
#2397=DIRECTION('center_axis',(-1.,0.,0.));
#2398=DIRECTION('ref_axis',(0.,0.707106781186548,0.707106781186548));
#2399=DIRECTION('center_axis',(1.,0.,0.));
#2400=DIRECTION('ref_axis',(0.,0.707106781186548,0.707106781186548));
#2401=DIRECTION('center_axis',(-1.,0.,0.));
#2402=DIRECTION('ref_axis',(0.,0.707106781186548,0.707106781186548));
#2403=DIRECTION('center_axis',(0.,-1.,0.));
#2404=DIRECTION('ref_axis',(0.,0.,-1.));
#2405=DIRECTION('',(0.,0.,-1.));
#2406=DIRECTION('',(1.,0.,0.));
#2407=DIRECTION('',(0.,0.,-1.));
#2408=DIRECTION('',(1.,0.,0.));
#2409=DIRECTION('center_axis',(0.,0.,1.));
#2410=DIRECTION('ref_axis',(0.,-1.,0.));
#2411=DIRECTION('',(0.,-1.,0.));
#2412=DIRECTION('',(1.,0.,0.));
#2413=DIRECTION('',(0.,-1.,0.));
#2414=DIRECTION('center_axis',(0.,1.,0.));
#2415=DIRECTION('ref_axis',(0.,0.,1.));
#2416=DIRECTION('',(0.,0.,1.));
#2417=DIRECTION('',(1.,0.,0.));
#2418=DIRECTION('',(0.,0.,1.));
#2419=DIRECTION('center_axis',(0.,0.,-1.));
#2420=DIRECTION('ref_axis',(0.,1.,0.));
#2421=DIRECTION('',(0.,1.,0.));
#2422=DIRECTION('',(0.,1.,0.));
#2423=DIRECTION('center_axis',(1.,0.,0.));
#2424=DIRECTION('ref_axis',(0.,0.,-1.));
#2425=DIRECTION('',(0.,-1.,0.));
#2426=DIRECTION('center_axis',(0.,0.,1.));
#2427=DIRECTION('ref_axis',(1.,0.,0.));
#2428=DIRECTION('',(0.,-1.,0.));
#2429=DIRECTION('center_axis',(0.,0.,1.));
#2430=DIRECTION('ref_axis',(1.,0.,0.));
#2431=DIRECTION('',(1.,0.,0.));
#2432=DIRECTION('center_axis',(0.,0.,1.));
#2433=DIRECTION('ref_axis',(1.,0.,0.));
#2434=DIRECTION('',(0.,1.,0.));
#2435=DIRECTION('center_axis',(0.,0.,1.));
#2436=DIRECTION('ref_axis',(1.,0.,0.));
#2437=DIRECTION('',(-1.,0.,0.));
#2438=DIRECTION('center_axis',(0.,0.,1.));
#2439=DIRECTION('ref_axis',(1.,0.,0.));
#2440=DIRECTION('',(0.,1.,0.));
#2441=DIRECTION('',(1.,0.,0.));
#2442=DIRECTION('',(0.,-1.,0.));
#2443=DIRECTION('center_axis',(0.,0.,1.));
#2444=DIRECTION('ref_axis',(1.,0.,0.));
#2445=DIRECTION('',(-1.,0.,0.));
#2446=DIRECTION('center_axis',(0.,0.,1.));
#2447=DIRECTION('ref_axis',(1.,0.,0.));
#2448=DIRECTION('center_axis',(0.,0.,-1.));
#2449=DIRECTION('ref_axis',(-1.,0.,0.));
#2450=DIRECTION('center_axis',(0.,0.,-1.));
#2451=DIRECTION('ref_axis',(-1.,0.,0.));
#2452=DIRECTION('center_axis',(0.,0.,-1.));
#2453=DIRECTION('ref_axis',(-1.,0.,0.));
#2454=DIRECTION('center_axis',(0.,0.,-1.));
#2455=DIRECTION('ref_axis',(-1.,0.,0.));
#2456=DIRECTION('center_axis',(-1.,0.,0.));
#2457=DIRECTION('ref_axis',(0.,1.,0.));
#2458=DIRECTION('',(0.,0.,-1.));
#2459=DIRECTION('',(0.,1.,0.));
#2460=DIRECTION('',(0.,0.,-1.));
#2461=DIRECTION('',(0.,0.,-1.));
#2462=DIRECTION('',(0.,1.,0.));
#2463=DIRECTION('',(0.,0.,1.));
#2464=DIRECTION('',(0.,0.,1.));
#2465=DIRECTION('',(0.,1.,0.));
#2466=DIRECTION('',(0.,0.,-1.));
#2467=DIRECTION('',(0.,0.,-1.));
#2468=DIRECTION('',(0.,1.,0.));
#2469=DIRECTION('',(0.,0.,-1.));
#2470=DIRECTION('',(0.,1.,0.));
#2471=DIRECTION('center_axis',(0.,-1.,0.));
#2472=DIRECTION('ref_axis',(-1.,0.,0.));
#2473=DIRECTION('center_axis',(0.,-1.,0.));
#2474=DIRECTION('ref_axis',(-1.,0.,0.));
#2475=DIRECTION('',(0.,-1.,0.));
#2476=DIRECTION('center_axis',(0.,1.,0.));
#2477=DIRECTION('ref_axis',(-1.,0.,0.));
#2478=DIRECTION('center_axis',(0.,1.,0.));
#2479=DIRECTION('ref_axis',(-0.420577851696706,0.,-0.90725645253268));
#2480=DIRECTION('center_axis',(0.,-0.707106781186547,-0.707106781186548));
#2481=DIRECTION('ref_axis',(-5.23364152894592E-17,0.707106781186548,-0.707106781186547));
#2482=DIRECTION('center_axis',(0.,-1.,0.));
#2483=DIRECTION('ref_axis',(-0.420577851696706,0.,-0.90725645253268));
#2484=DIRECTION('',(0.,-1.,0.));
#2485=DIRECTION('center_axis',(0.,1.,0.));
#2486=DIRECTION('ref_axis',(-0.420577851696706,0.,-0.90725645253268));
#2487=DIRECTION('center_axis',(0.,0.707106781186548,-0.707106781186548));
#2488=DIRECTION('ref_axis',(-5.23364152894592E-17,-0.707106781186547,-0.707106781186547));
#2489=DIRECTION('',(0.,1.,0.));
#2490=DIRECTION('center_axis',(0.,1.,0.));
#2491=DIRECTION('ref_axis',(-0.589855525015061,0.,0.807508798471699));
#2492=DIRECTION('center_axis',(0.,0.707106781186547,-0.707106781186548));
#2493=DIRECTION('ref_axis',(0.,-0.707106781186548,-0.707106781186547));
#2494=DIRECTION('',(0.,1.,0.));
#2495=DIRECTION('center_axis',(0.,-0.707106781186546,-0.707106781186549));
#2496=DIRECTION('ref_axis',(0.,-0.707106781186549,0.707106781186546));
#2497=DIRECTION('center_axis',(0.,1.,0.));
#2498=DIRECTION('ref_axis',(-0.589855525015061,0.,0.807508798471699));
#2499=DIRECTION('',(0.,1.,0.));
#2500=DIRECTION('center_axis',(0.,-1.,0.));
#2501=DIRECTION('ref_axis',(-0.589855525015061,0.,0.807508798471699));
#2502=DIRECTION('center_axis',(0.,1.,0.));
#2503=DIRECTION('ref_axis',(-0.589855525015061,0.,0.807508798471699));
#2504=DIRECTION('center_axis',(0.,-1.,0.));
#2505=DIRECTION('ref_axis',(-0.589855525015061,0.,0.807508798471699));
#2506=DIRECTION('center_axis',(1.67476528926269E-15,0.707106781186548,-0.707106781186547));
#2507=DIRECTION('ref_axis',(-1.67476528926269E-15,-0.707106781186547,-0.707106781186548));
#2508=DIRECTION('',(0.,1.,0.));
#2509=DIRECTION('center_axis',(1.,0.,0.));
#2510=DIRECTION('ref_axis',(0.,0.,-1.));
#2511=DIRECTION('',(0.,0.,1.));
#2512=DIRECTION('',(0.,0.,-1.));
#2513=DIRECTION('center_axis',(1.,0.,0.));
#2514=DIRECTION('ref_axis',(0.,0.,-1.));
#2515=DIRECTION('',(0.,0.,-1.));
#2516=DIRECTION('',(0.,0.,1.));
#2517=DIRECTION('',(0.,1.,0.));
#2518=DIRECTION('center_axis',(0.,1.,0.));
#2519=DIRECTION('ref_axis',(-0.420577851696706,0.,-0.90725645253268));
#2520=DIRECTION('center_axis',(0.,-1.,0.));
#2521=DIRECTION('ref_axis',(-0.420577851696706,0.,-0.90725645253268));
#2522=DIRECTION('center_axis',(0.,-0.707106781186547,-0.707106781186548));
#2523=DIRECTION('ref_axis',(-5.23364152894592E-17,0.707106781186548,-0.707106781186547));
#2524=DIRECTION('center_axis',(0.,-1.,0.));
#2525=DIRECTION('ref_axis',(1.,0.,0.));
#2526=DIRECTION('',(0.,0.,1.));
#2527=DIRECTION('',(0.,0.,1.));
#2528=DIRECTION('center_axis',(0.,1.,0.));
#2529=DIRECTION('ref_axis',(-1.,0.,0.));
#2530=DIRECTION('',(0.,0.,-1.));
#2531=DIRECTION('center_axis',(1.,0.,0.));
#2532=DIRECTION('ref_axis',(0.,0.,-1.));
#2533=DIRECTION('',(0.,0.,-1.));
#2534=DIRECTION('center_axis',(-1.,0.,0.));
#2535=DIRECTION('ref_axis',(0.,-1.,0.));
#2536=DIRECTION('',(0.,0.,-1.));
#2537=DIRECTION('',(0.,1.,0.));
#2538=DIRECTION('',(0.,0.,1.));
#2539=DIRECTION('center_axis',(0.,0.,1.));
#2540=DIRECTION('ref_axis',(1.,0.,0.));
#2541=DIRECTION('center_axis',(0.,1.,0.));
#2542=DIRECTION('ref_axis',(-1.,0.,0.));
#2543=DIRECTION('',(0.,0.,-1.));
#2544=DIRECTION('center_axis',(0.,0.,-1.));
#2545=DIRECTION('ref_axis',(1.,0.,0.));
#2546=DIRECTION('center_axis',(0.,0.,-1.));
#2547=DIRECTION('ref_axis',(1.,0.,0.));
#2548=DIRECTION('',(0.,0.,-1.));
#2549=DIRECTION('center_axis',(0.,0.,1.));
#2550=DIRECTION('ref_axis',(1.,0.,0.));
#2551=DIRECTION('center_axis',(0.,0.,-1.));
#2552=DIRECTION('ref_axis',(1.,0.,0.));
#2553=DIRECTION('center_axis',(0.,0.,-1.));
#2554=DIRECTION('ref_axis',(1.,0.,0.));
#2555=DIRECTION('',(0.,0.,-1.));
#2556=DIRECTION('center_axis',(0.,0.,1.));
#2557=DIRECTION('ref_axis',(1.,0.,0.));
#2558=DIRECTION('center_axis',(0.,0.,-1.));
#2559=DIRECTION('ref_axis',(1.,0.,0.));
#2560=DIRECTION('center_axis',(0.,0.,-1.));
#2561=DIRECTION('ref_axis',(1.,0.,0.));
#2562=DIRECTION('',(0.,0.,-1.));
#2563=DIRECTION('center_axis',(0.,0.,1.));
#2564=DIRECTION('ref_axis',(1.,0.,0.));
#2565=DIRECTION('center_axis',(0.,0.,-1.));
#2566=DIRECTION('ref_axis',(1.,0.,0.));
#2567=DIRECTION('center_axis',(0.,0.,-1.));
#2568=DIRECTION('ref_axis',(1.,0.,0.));
#2569=DIRECTION('',(0.,0.,-1.));
#2570=DIRECTION('center_axis',(0.,0.,1.));
#2571=DIRECTION('ref_axis',(1.,0.,0.));
#2572=DIRECTION('center_axis',(0.,0.,-1.));
#2573=DIRECTION('ref_axis',(-1.,0.,0.));
#2574=DIRECTION('',(1.84900258306112E-16,1.,0.));
#2575=DIRECTION('',(0.866025403784439,0.5,0.));
#2576=DIRECTION('',(0.866025403784439,-0.5,0.));
#2577=DIRECTION('',(-1.84900258306112E-16,-1.,0.));
#2578=DIRECTION('',(-0.866025403784439,-0.5,0.));
#2579=DIRECTION('',(-0.866025403784439,0.5,0.));
#2580=DIRECTION('center_axis',(-1.,1.84900258306112E-16,0.));
#2581=DIRECTION('ref_axis',(1.84900258306112E-16,1.,0.));
#2582=DIRECTION('',(0.,0.,-1.));
#2583=DIRECTION('',(-1.84900258306112E-16,-1.,0.));
#2584=DIRECTION('',(0.,0.,-1.));
#2585=DIRECTION('center_axis',(-0.5,-0.866025403784439,0.));
#2586=DIRECTION('ref_axis',(-0.866025403784439,0.5,0.));
#2587=DIRECTION('',(0.,0.,-1.));
#2588=DIRECTION('',(0.866025403784439,-0.5,0.));
#2589=DIRECTION('center_axis',(0.5,-0.866025403784439,0.));
#2590=DIRECTION('ref_axis',(-0.866025403784439,-0.5,0.));
#2591=DIRECTION('',(0.,0.,-1.));
#2592=DIRECTION('',(0.866025403784439,0.5,0.));
#2593=DIRECTION('center_axis',(0.,0.,-1.));
#2594=DIRECTION('ref_axis',(-1.,0.,0.));
#2595=DIRECTION('',(1.66410232475501E-15,1.,0.));
#2596=DIRECTION('',(0.866025403784439,0.499999999999999,0.));
#2597=DIRECTION('',(0.866025403784438,-0.500000000000002,0.));
#2598=DIRECTION('',(-1.10940154983667E-15,-1.,0.));
#2599=DIRECTION('',(-0.866025403784439,-0.499999999999999,0.));
#2600=DIRECTION('',(-0.866025403784438,0.500000000000002,0.));
#2601=DIRECTION('center_axis',(-1.,1.10940154983667E-15,0.));
#2602=DIRECTION('ref_axis',(1.10940154983667E-15,1.,0.));
#2603=DIRECTION('',(0.,0.,-1.));
#2604=DIRECTION('',(-1.10940154983667E-15,-1.,0.));
#2605=DIRECTION('',(0.,0.,-1.));
#2606=DIRECTION('center_axis',(-0.500000000000002,-0.866025403784438,0.));
#2607=DIRECTION('ref_axis',(-0.866025403784438,0.500000000000002,0.));
#2608=DIRECTION('',(0.,0.,-1.));
#2609=DIRECTION('',(0.866025403784438,-0.500000000000002,0.));
#2610=DIRECTION('center_axis',(0.499999999999999,-0.866025403784439,0.));
#2611=DIRECTION('ref_axis',(-0.866025403784439,-0.499999999999999,0.));
#2612=DIRECTION('',(0.,0.,-1.));
#2613=DIRECTION('',(0.866025403784439,0.499999999999999,0.));
#2614=DIRECTION('center_axis',(1.,0.,0.));
#2615=DIRECTION('ref_axis',(0.,-1.,0.));
#2616=DIRECTION('',(0.,-1.,0.));
#2617=DIRECTION('',(0.,0.,-1.));
#2618=DIRECTION('',(0.,1.,0.));
#2619=DIRECTION('',(0.,0.,-1.));
#2620=DIRECTION('center_axis',(0.500000000000001,0.866025403784438,0.));
#2621=DIRECTION('ref_axis',(0.866025403784438,-0.500000000000001,0.));
#2622=DIRECTION('',(0.866025403784438,-0.500000000000001,0.));
#2623=DIRECTION('',(0.,0.,-1.));
#2624=DIRECTION('',(-0.866025403784438,0.500000000000001,0.));
#2625=DIRECTION('center_axis',(-0.499999999999999,0.866025403784439,0.));
#2626=DIRECTION('ref_axis',(0.866025403784439,0.499999999999999,0.));
#2627=DIRECTION('',(0.866025403784439,0.499999999999999,0.));
#2628=DIRECTION('',(0.,0.,-1.));
#2629=DIRECTION('',(-0.866025403784439,-0.499999999999999,0.));
#2630=DIRECTION('center_axis',(0.,0.,-1.));
#2631=DIRECTION('ref_axis',(-1.,0.,0.));
#2632=DIRECTION('',(1.,-1.4792020664489E-15,0.));
#2633=DIRECTION('',(0.499999999999999,-0.866025403784439,0.));
#2634=DIRECTION('',(-0.500000000000002,-0.866025403784438,0.));
#2635=DIRECTION('',(-1.,7.39601033224448E-16,0.));
#2636=DIRECTION('',(-0.499999999999999,0.866025403784439,0.));
#2637=DIRECTION('',(0.500000000000001,0.866025403784438,0.));
#2638=DIRECTION('center_axis',(7.39601033224448E-16,1.,0.));
#2639=DIRECTION('ref_axis',(1.,-7.39601033224448E-16,0.));
#2640=DIRECTION('',(0.,0.,-1.));
#2641=DIRECTION('',(-1.,7.39601033224448E-16,0.));
#2642=DIRECTION('',(0.,0.,-1.));
#2643=DIRECTION('center_axis',(-0.866025403784438,0.500000000000002,0.));
#2644=DIRECTION('ref_axis',(0.500000000000002,0.866025403784438,0.));
#2645=DIRECTION('',(0.,0.,-1.));
#2646=DIRECTION('',(-0.500000000000002,-0.866025403784438,0.));
#2647=DIRECTION('center_axis',(-0.866025403784439,-0.499999999999999,0.));
#2648=DIRECTION('ref_axis',(-0.499999999999999,0.866025403784439,0.));
#2649=DIRECTION('',(0.,0.,-1.));
#2650=DIRECTION('',(0.499999999999999,-0.866025403784439,0.));
#2651=DIRECTION('center_axis',(0.500000000000002,0.866025403784438,0.));
#2652=DIRECTION('ref_axis',(0.866025403784438,-0.500000000000002,0.));
#2653=DIRECTION('',(0.,0.,-1.));
#2654=DIRECTION('',(-0.866025403784438,0.500000000000002,0.));
#2655=DIRECTION('',(0.,0.,-1.));
#2656=DIRECTION('center_axis',(-0.499999999999999,0.866025403784439,0.));
#2657=DIRECTION('ref_axis',(0.866025403784439,0.499999999999999,0.));
#2658=DIRECTION('',(-0.866025403784439,-0.499999999999999,0.));
#2659=DIRECTION('center_axis',(1.,-1.66410232475501E-15,0.));
#2660=DIRECTION('ref_axis',(-1.66410232475501E-15,-1.,0.));
#2661=DIRECTION('',(1.66410232475501E-15,1.,0.));
#2662=DIRECTION('center_axis',(0.5,0.866025403784439,0.));
#2663=DIRECTION('ref_axis',(0.866025403784439,-0.5,0.));
#2664=DIRECTION('',(0.,0.,-1.));
#2665=DIRECTION('',(-0.866025403784439,0.5,0.));
#2666=DIRECTION('',(0.,0.,-1.));
#2667=DIRECTION('center_axis',(-0.5,0.866025403784439,0.));
#2668=DIRECTION('ref_axis',(0.866025403784439,0.5,0.));
#2669=DIRECTION('',(-0.866025403784439,-0.5,0.));
#2670=DIRECTION('center_axis',(1.,-1.84900258306112E-16,0.));
#2671=DIRECTION('ref_axis',(-1.84900258306112E-16,-1.,0.));
#2672=DIRECTION('',(1.84900258306112E-16,1.,0.));
#2673=DIRECTION('center_axis',(0.866025403784438,-0.500000000000001,0.));
#2674=DIRECTION('ref_axis',(-0.500000000000001,-0.866025403784438,0.));
#2675=DIRECTION('',(0.,0.,-1.));
#2676=DIRECTION('',(0.500000000000001,0.866025403784438,0.));
#2677=DIRECTION('',(0.,0.,-1.));
#2678=DIRECTION('center_axis',(0.866025403784439,0.499999999999999,0.));
#2679=DIRECTION('ref_axis',(0.499999999999999,-0.866025403784439,0.));
#2680=DIRECTION('',(-0.499999999999999,0.866025403784439,0.));
#2681=DIRECTION('center_axis',(-1.4792020664489E-15,-1.,0.));
#2682=DIRECTION('ref_axis',(-1.,1.4792020664489E-15,0.));
#2683=DIRECTION('',(1.,-1.4792020664489E-15,0.));
#2684=DIRECTION('center_axis',(-0.500000000000001,-0.866025403784438,0.));
#2685=DIRECTION('ref_axis',(-0.866025403784438,0.500000000000001,0.));
#2686=DIRECTION('',(-0.866025403784438,0.500000000000001,0.));
#2687=DIRECTION('',(0.,0.,-1.));
#2688=DIRECTION('',(0.866025403784438,-0.500000000000001,0.));
#2689=DIRECTION('',(0.,0.,-1.));
#2690=DIRECTION('center_axis',(0.499999999999998,-0.86602540378444,0.));
#2691=DIRECTION('ref_axis',(-0.86602540378444,-0.499999999999998,0.));
#2692=DIRECTION('',(-0.86602540378444,-0.499999999999998,0.));
#2693=DIRECTION('',(0.86602540378444,0.499999999999998,0.));
#2694=DIRECTION('center_axis',(-1.,2.95840413289779E-15,0.));
#2695=DIRECTION('ref_axis',(2.95840413289779E-15,1.,0.));
#2696=DIRECTION('',(2.95840413289779E-15,1.,0.));
#2697=DIRECTION('',(-2.95840413289779E-15,-1.,0.));
#2698=DIRECTION('center_axis',(0.,0.,1.));
#2699=DIRECTION('ref_axis',(-1.,0.,0.));
#2700=DIRECTION('center_axis',(0.,0.,1.));
#2701=DIRECTION('ref_axis',(-1.,0.,0.));
#2702=DIRECTION('',(0.,0.,-1.));
#2703=DIRECTION('center_axis',(0.,0.,-1.));
#2704=DIRECTION('ref_axis',(-1.,0.,0.));
#2705=DIRECTION('center_axis',(0.,0.,1.));
#2706=DIRECTION('ref_axis',(-1.,0.,0.));
#2707=DIRECTION('center_axis',(0.,0.,1.));
#2708=DIRECTION('ref_axis',(-1.,0.,0.));
#2709=DIRECTION('center_axis',(0.,0.,1.));
#2710=DIRECTION('ref_axis',(-1.,0.,0.));
#2711=DIRECTION('',(0.,0.,-1.));
#2712=DIRECTION('center_axis',(0.,0.,-1.));
#2713=DIRECTION('ref_axis',(-1.,0.,0.));
#2714=DIRECTION('center_axis',(0.,0.,1.));
#2715=DIRECTION('ref_axis',(-1.,0.,0.));
#2716=DIRECTION('center_axis',(0.,0.,1.));
#2717=DIRECTION('ref_axis',(-1.,0.,0.));
#2718=DIRECTION('',(0.,0.,-1.));
#2719=DIRECTION('center_axis',(0.,0.,-1.));
#2720=DIRECTION('ref_axis',(-1.,0.,0.));
#2721=DIRECTION('center_axis',(0.,0.,1.));
#2722=DIRECTION('ref_axis',(-1.,0.,0.));
#2723=DIRECTION('center_axis',(0.,0.,1.));
#2724=DIRECTION('ref_axis',(-1.,0.,0.));
#2725=DIRECTION('center_axis',(0.,0.,1.));
#2726=DIRECTION('ref_axis',(-1.,0.,0.));
#2727=DIRECTION('',(0.,0.,-1.));
#2728=DIRECTION('center_axis',(0.,0.,-1.));
#2729=DIRECTION('ref_axis',(-1.,0.,0.));
#2730=DIRECTION('center_axis',(0.,0.,1.));
#2731=DIRECTION('ref_axis',(-1.,0.,0.));
#2732=DIRECTION('center_axis',(0.,0.,-1.));
#2733=DIRECTION('ref_axis',(-1.,0.,0.));
#2734=DIRECTION('',(0.,0.,-1.));
#2735=DIRECTION('center_axis',(0.,0.,1.));
#2736=DIRECTION('ref_axis',(-1.,0.,0.));
#2737=DIRECTION('center_axis',(0.,0.,-1.));
#2738=DIRECTION('ref_axis',(-1.,0.,0.));
#2739=DIRECTION('',(0.,0.,-1.));
#2740=DIRECTION('center_axis',(0.,0.,1.));
#2741=DIRECTION('ref_axis',(-1.,0.,0.));
#2742=DIRECTION('center_axis',(0.,0.,-1.));
#2743=DIRECTION('ref_axis',(-1.,0.,0.));
#2744=DIRECTION('',(0.,0.,-1.));
#2745=DIRECTION('center_axis',(0.,0.,1.));
#2746=DIRECTION('ref_axis',(-1.,0.,0.));
#2747=DIRECTION('center_axis',(0.,0.,-1.));
#2748=DIRECTION('ref_axis',(-1.,0.,0.));
#2749=DIRECTION('',(0.,0.,-1.));
#2750=DIRECTION('center_axis',(0.,0.,1.));
#2751=DIRECTION('ref_axis',(-1.,0.,0.));
#2752=DIRECTION('center_axis',(0.943402563380382,-0.331649820454232,0.));
#2753=DIRECTION('ref_axis',(0.331649820454232,0.943402563380382,0.));
#2754=DIRECTION('',(0.331649820454232,0.943402563380382,0.));
#2755=DIRECTION('',(0.,0.,1.));
#2756=DIRECTION('',(0.331649820454232,0.943402563380382,0.));
#2757=DIRECTION('',(0.,0.,1.));
#2758=DIRECTION('center_axis',(0.184484112016278,-0.982835496109886,0.));
#2759=DIRECTION('ref_axis',(0.982835496109886,0.184484112016278,0.));
#2760=DIRECTION('',(0.982835496109886,0.184484112016278,0.));
#2761=DIRECTION('',(0.,0.,1.));
#2762=DIRECTION('',(0.982835496109886,0.184484112016278,0.));
#2763=DIRECTION('center_axis',(-0.758918451364103,-0.651185675655654,0.));
#2764=DIRECTION('ref_axis',(0.651185675655654,-0.758918451364103,0.));
#2765=DIRECTION('',(0.651185675655654,-0.758918451364103,0.));
#2766=DIRECTION('',(0.,0.,1.));
#2767=DIRECTION('',(0.651185675655654,-0.758918451364103,0.));
#2768=DIRECTION('center_axis',(-0.943402563380382,0.331649820454231,0.));
#2769=DIRECTION('ref_axis',(-0.331649820454231,-0.943402563380382,0.));
#2770=DIRECTION('',(-0.331649820454231,-0.943402563380382,0.));
#2771=DIRECTION('',(0.,0.,1.));
#2772=DIRECTION('',(-0.331649820454231,-0.943402563380382,0.));
#2773=DIRECTION('center_axis',(-0.184484112016278,0.982835496109886,0.));
#2774=DIRECTION('ref_axis',(-0.982835496109886,-0.184484112016278,0.));
#2775=DIRECTION('',(-0.982835496109886,-0.184484112016278,0.));
#2776=DIRECTION('',(0.,0.,1.));
#2777=DIRECTION('',(-0.982835496109886,-0.184484112016278,0.));
#2778=DIRECTION('center_axis',(0.758918451364102,0.651185675655656,0.));
#2779=DIRECTION('ref_axis',(-0.651185675655655,0.758918451364102,0.));
#2780=DIRECTION('',(-0.651185675655655,0.758918451364102,0.));
#2781=DIRECTION('',(-0.651185675655656,0.758918451364102,0.));
#2782=DIRECTION('center_axis',(0.,0.,1.));
#2783=DIRECTION('ref_axis',(1.,0.,0.));
#2784=DIRECTION('center_axis',(0.886544993075064,-0.462642383762593,0.));
#2785=DIRECTION('ref_axis',(0.462642383762593,0.886544993075064,0.));
#2786=DIRECTION('',(0.462642383762593,0.886544993075064,0.));
#2787=DIRECTION('',(0.,0.,1.));
#2788=DIRECTION('',(0.462642383762593,0.886544993075064,0.));
#2789=DIRECTION('',(0.,0.,1.));
#2790=DIRECTION('center_axis',(0.0426124393317265,-0.999091677482202,0.));
#2791=DIRECTION('ref_axis',(0.999091677482202,0.0426124393317265,0.));
#2792=DIRECTION('',(0.999091677482202,0.0426124393317265,0.));
#2793=DIRECTION('',(0.,0.,1.));
#2794=DIRECTION('',(0.999091677482202,0.0426124393317265,0.));
#2795=DIRECTION('center_axis',(-0.843932553743329,-0.536449293719605,0.));
#2796=DIRECTION('ref_axis',(0.536449293719605,-0.843932553743329,0.));
#2797=DIRECTION('',(0.536449293719605,-0.843932553743329,0.));
#2798=DIRECTION('',(0.,0.,1.));
#2799=DIRECTION('',(0.536449293719605,-0.843932553743329,0.));
#2800=DIRECTION('center_axis',(-0.886544993075061,0.4626423837626,0.));
#2801=DIRECTION('ref_axis',(-0.4626423837626,-0.886544993075061,0.));
#2802=DIRECTION('',(-0.4626423837626,-0.886544993075061,0.));
#2803=DIRECTION('',(0.,0.,1.));
#2804=DIRECTION('',(-0.4626423837626,-0.886544993075061,0.));
#2805=DIRECTION('center_axis',(-0.0426124393317265,0.999091677482202,0.));
#2806=DIRECTION('ref_axis',(-0.999091677482202,-0.0426124393317265,0.));
#2807=DIRECTION('',(-0.999091677482202,-0.0426124393317265,0.));
#2808=DIRECTION('',(0.,0.,1.));
#2809=DIRECTION('',(-0.999091677482202,-0.0426124393317265,0.));
#2810=DIRECTION('center_axis',(0.84393255374333,0.536449293719604,0.));
#2811=DIRECTION('ref_axis',(-0.536449293719604,0.84393255374333,0.));
#2812=DIRECTION('',(-0.536449293719604,0.84393255374333,0.));
#2813=DIRECTION('',(-0.536449293719604,0.84393255374333,0.));
#2814=DIRECTION('center_axis',(0.,0.,1.));
#2815=DIRECTION('ref_axis',(1.,0.,0.));
#2816=DIRECTION('center_axis',(0.5,-0.866025403784439,0.));
#2817=DIRECTION('ref_axis',(0.866025403784438,0.5,0.));
#2818=DIRECTION('',(0.866025403784438,0.5,0.));
#2819=DIRECTION('',(0.,0.,1.));
#2820=DIRECTION('',(0.866025403784439,0.5,0.));
#2821=DIRECTION('',(0.,0.,1.));
#2822=DIRECTION('center_axis',(-0.5,-0.866025403784439,0.));
#2823=DIRECTION('ref_axis',(0.866025403784438,-0.5,0.));
#2824=DIRECTION('',(0.866025403784438,-0.5,0.));
#2825=DIRECTION('',(0.,0.,1.));
#2826=DIRECTION('',(0.866025403784439,-0.5,0.));
#2827=DIRECTION('center_axis',(-1.,0.,0.));
#2828=DIRECTION('ref_axis',(0.,-1.,0.));
#2829=DIRECTION('',(0.,-1.,0.));
#2830=DIRECTION('',(0.,0.,1.));
#2831=DIRECTION('',(0.,-1.,0.));
#2832=DIRECTION('center_axis',(-0.499999999999999,0.866025403784439,0.));
#2833=DIRECTION('ref_axis',(-0.866025403784439,-0.499999999999999,0.));
#2834=DIRECTION('',(-0.866025403784439,-0.499999999999999,0.));
#2835=DIRECTION('',(0.,0.,1.));
#2836=DIRECTION('',(-0.866025403784439,-0.499999999999999,0.));
#2837=DIRECTION('center_axis',(0.5,0.866025403784439,0.));
#2838=DIRECTION('ref_axis',(-0.866025403784438,0.5,0.));
#2839=DIRECTION('',(-0.866025403784438,0.5,0.));
#2840=DIRECTION('',(0.,0.,1.));
#2841=DIRECTION('',(-0.866025403784439,0.5,0.));
#2842=DIRECTION('center_axis',(1.,0.,0.));
#2843=DIRECTION('ref_axis',(0.,1.,0.));
#2844=DIRECTION('',(0.,1.,0.));
#2845=DIRECTION('',(0.,1.,0.));
#2846=DIRECTION('center_axis',(0.,0.,1.));
#2847=DIRECTION('ref_axis',(1.,0.,0.));
#2848=DIRECTION('center_axis',(0.866025403784439,0.5,0.));
#2849=DIRECTION('ref_axis',(-0.5,0.866025403784439,0.));
#2850=DIRECTION('',(-0.5,0.866025403784439,0.));
#2851=DIRECTION('',(0.,0.,1.));
#2852=DIRECTION('',(-0.5,0.866025403784439,0.));
#2853=DIRECTION('',(0.,0.,1.));
#2854=DIRECTION('center_axis',(0.866025403784438,-0.500000000000001,0.));
#2855=DIRECTION('ref_axis',(0.500000000000001,0.866025403784438,0.));
#2856=DIRECTION('',(0.500000000000001,0.866025403784438,0.));
#2857=DIRECTION('',(0.,0.,1.));
#2858=DIRECTION('',(0.500000000000001,0.866025403784438,0.));
#2859=DIRECTION('center_axis',(0.,-1.,0.));
#2860=DIRECTION('ref_axis',(1.,0.,0.));
#2861=DIRECTION('',(1.,0.,0.));
#2862=DIRECTION('',(0.,0.,1.));
#2863=DIRECTION('',(1.,0.,0.));
#2864=DIRECTION('center_axis',(-0.866025403784439,-0.5,0.));
#2865=DIRECTION('ref_axis',(0.5,-0.866025403784439,0.));
#2866=DIRECTION('',(0.5,-0.866025403784439,0.));
#2867=DIRECTION('',(0.,0.,1.));
#2868=DIRECTION('',(0.5,-0.866025403784439,0.));
#2869=DIRECTION('center_axis',(-0.866025403784438,0.500000000000001,0.));
#2870=DIRECTION('ref_axis',(-0.500000000000001,-0.866025403784438,0.));
#2871=DIRECTION('',(-0.500000000000001,-0.866025403784438,0.));
#2872=DIRECTION('',(0.,0.,1.));
#2873=DIRECTION('',(-0.500000000000001,-0.866025403784438,0.));
#2874=DIRECTION('center_axis',(0.,1.,0.));
#2875=DIRECTION('ref_axis',(-1.,0.,0.));
#2876=DIRECTION('',(-1.,0.,0.));
#2877=DIRECTION('',(-1.,0.,0.));
#2878=DIRECTION('center_axis',(0.,0.,1.));
#2879=DIRECTION('ref_axis',(1.,0.,0.));
#2880=DIRECTION('center_axis',(0.,0.,1.));
#2881=DIRECTION('ref_axis',(0.682826391297153,0.73058067271733,0.));
#2882=DIRECTION('',(0.,0.,-1.));
#2883=DIRECTION('',(0.,0.,1.));
#2884=DIRECTION('center_axis',(0.,0.,1.));
#2885=DIRECTION('ref_axis',(1.,0.,0.));
#2886=DIRECTION('center_axis',(0.,0.,1.));
#2887=DIRECTION('ref_axis',(1.,0.,0.));
#2888=DIRECTION('center_axis',(0.,0.,1.));
#2889=DIRECTION('ref_axis',(1.,0.,0.));
#2890=DIRECTION('',(1.,0.,0.));
#2891=DIRECTION('',(0.,-1.,0.));
#2892=DIRECTION('center_axis',(0.,0.,1.));
#2893=DIRECTION('ref_axis',(1.,0.,0.));
#2894=DIRECTION('',(-1.,0.,0.));
#2895=DIRECTION('center_axis',(0.,0.,1.));
#2896=DIRECTION('ref_axis',(1.,0.,0.));
#2897=DIRECTION('center_axis',(1.,0.,0.));
#2898=DIRECTION('ref_axis',(0.,1.,0.));
#2899=DIRECTION('',(0.,0.,-1.));
#2900=DIRECTION('center_axis',(0.,0.,1.));
#2901=DIRECTION('ref_axis',(-0.707106781186552,0.707106781186543,0.));
#2902=DIRECTION('',(0.,0.,1.));
#2903=DIRECTION('center_axis',(0.,0.,1.));
#2904=DIRECTION('ref_axis',(-0.673413023029313,-0.739266461037238,0.));
#2905=DIRECTION('',(0.,0.,-1.));
#2906=DIRECTION('center_axis',(0.,0.,1.));
#2907=DIRECTION('ref_axis',(1.,0.,0.));
#2908=DIRECTION('',(0.,0.,1.));
#2909=DIRECTION('center_axis',(0.,0.,-1.));
#2910=DIRECTION('ref_axis',(1.,0.,0.));
#2911=DIRECTION('center_axis',(0.,-1.,0.));
#2912=DIRECTION('ref_axis',(-1.,0.,0.));
#2913=DIRECTION('',(0.,0.,-1.));
#2914=DIRECTION('',(-1.,0.,0.));
#2915=DIRECTION('center_axis',(0.,-1.,0.));
#2916=DIRECTION('ref_axis',(1.,0.,0.));
#2917=DIRECTION('',(0.,0.,1.));
#2918=DIRECTION('center_axis',(0.,0.,1.));
#2919=DIRECTION('ref_axis',(1.,0.,0.));
#2920=DIRECTION('center_axis',(0.,0.,1.));
#2921=DIRECTION('ref_axis',(1.,0.,0.));
#2922=DIRECTION('',(0.,0.,1.));
#2923=DIRECTION('center_axis',(0.,0.,-1.));
#2924=DIRECTION('ref_axis',(1.,0.,0.));
#2925=DIRECTION('center_axis',(1.,0.,0.));
#2926=DIRECTION('ref_axis',(0.,-1.,0.));
#2927=DIRECTION('',(0.,0.,-1.));
#2928=DIRECTION('',(0.,-1.,0.));
#2929=DIRECTION('center_axis',(0.,1.,0.));
#2930=DIRECTION('ref_axis',(1.,0.,0.));
#2931=DIRECTION('',(1.,0.,0.));
#2932=DIRECTION('center_axis',(0.,1.,0.));
#2933=DIRECTION('ref_axis',(-1.,0.,0.));
#2934=DIRECTION('center_axis',(0.,0.,1.));
#2935=DIRECTION('ref_axis',(-1.,0.,0.));
#2936=DIRECTION('center_axis',(0.,0.,-1.));
#2937=DIRECTION('ref_axis',(-1.,0.,0.));
#2938=DIRECTION('center_axis',(0.,0.,1.));
#2939=DIRECTION('ref_axis',(-0.589855525015061,0.807508798471699,0.));
#2940=DIRECTION('center_axis',(0.,0.,-1.));
#2941=DIRECTION('ref_axis',(-0.589855525015061,-0.807508798471699,0.));
#2942=DIRECTION('center_axis',(0.,0.,1.));
#2943=DIRECTION('ref_axis',(-0.589855525015061,0.807508798471699,0.));
#2944=DIRECTION('center_axis',(0.,0.,-1.));
#2945=DIRECTION('ref_axis',(-1.,0.,0.));
#2946=CARTESIAN_POINT('',(0.,0.,0.));
#2947=CARTESIAN_POINT('Origin',(-61.4541380165634,10.3603210550492,16.));
#2948=CARTESIAN_POINT('',(-83.3780544541763,10.3603210550492,15.));
#2949=CARTESIAN_POINT('',(-83.3780544541763,11.3603210550492,16.));
#2950=CARTESIAN_POINT('Origin',(-83.3780544541763,10.3603210550492,16.));
#2951=CARTESIAN_POINT('',(-84.4541380165634,11.3603210550492,16.));
#2952=CARTESIAN_POINT('',(-61.4541380165634,11.3603210550492,16.));
#2953=CARTESIAN_POINT('',(-84.4541380165634,10.3603210550492,15.));
#2954=CARTESIAN_POINT('Origin',(-84.4541380165634,10.3603210550492,16.));
#2955=CARTESIAN_POINT('',(-61.4541380165634,10.3603210550492,15.));
#2956=CARTESIAN_POINT('Origin',(-86.4541380165633,11.3603210550492,15.));
#2957=CARTESIAN_POINT('',(-83.3780544541763,11.3603210550492,18.));
#2958=CARTESIAN_POINT('',(-83.3780544541763,11.3603210550492,15.));
#2959=CARTESIAN_POINT('',(-84.4541380165634,11.3603210550492,18.));
#2960=CARTESIAN_POINT('',(-84.9160962353698,11.3603210550492,18.));
#2961=CARTESIAN_POINT('',(-84.4541380165634,11.3603210550492,14.9812018091695));
#2962=CARTESIAN_POINT('Origin',(-83.3780544541763,0.780005178307247,18.));
#2963=CARTESIAN_POINT('',(-84.4541380165634,-0.219994821692753,18.));
#2964=CARTESIAN_POINT('',(-84.4541380165634,0.780005178307247,19.));
#2965=CARTESIAN_POINT('Origin',(-84.4541380165634,0.780005178307247,18.));
#2966=CARTESIAN_POINT('',(-83.3780544541763,0.780005178307247,19.));
#2967=CARTESIAN_POINT('',(-83.3780544541763,0.780005178307247,19.));
#2968=CARTESIAN_POINT('',(-83.3780544541763,-0.219994821692753,18.));
#2969=CARTESIAN_POINT('Origin',(-83.3780544541763,0.780005178307247,18.));
#2970=CARTESIAN_POINT('',(-83.3780544541763,-0.219994821692753,18.));
#2971=CARTESIAN_POINT('Origin',(-83.3780544541763,-0.219994821692753,19.));
#2972=CARTESIAN_POINT('',(-84.4541380165634,10.3603210550492,19.));
#2973=CARTESIAN_POINT('',(-84.4541380165634,2.6527700622494,19.));
#2974=CARTESIAN_POINT('',(-83.3780544541763,10.3603210550492,19.));
#2975=CARTESIAN_POINT('',(-84.9160962353698,10.3603210550492,19.));
#2976=CARTESIAN_POINT('',(-83.3780544541763,-0.219994821692753,19.));
#2977=CARTESIAN_POINT('Origin',(-59.9160962353698,0.780005178307248,16.));
#2978=CARTESIAN_POINT('',(-84.4541380165634,0.780005178307248,15.));
#2979=CARTESIAN_POINT('',(-84.4541380165634,-0.219994821692753,16.));
#2980=CARTESIAN_POINT('Origin',(-84.4541380165634,0.780005178307248,16.));
#2981=CARTESIAN_POINT('',(-83.3780544541763,-0.219994821692753,16.));
#2982=CARTESIAN_POINT('',(-59.9160962353698,-0.219994821692753,16.));
#2983=CARTESIAN_POINT('',(-83.3780544541763,0.780005178307248,15.));
#2984=CARTESIAN_POINT('Origin',(-83.3780544541763,0.780005178307248,16.));
#2985=CARTESIAN_POINT('',(-59.9160962353698,0.780005178307248,15.));
#2986=CARTESIAN_POINT('Origin',(-83.3780544541763,-0.219994821692753,15.));
#2987=CARTESIAN_POINT('',(-83.3780544541763,-0.219994821692753,15.));
#2988=CARTESIAN_POINT('',(-84.4541380165634,-0.219994821692753,14.9812018091695));
#2989=CARTESIAN_POINT('Origin',(-84.9160962353698,10.3603210550492,18.));
#2990=CARTESIAN_POINT('Origin',(-83.3780544541763,10.3603210550492,18.));
#2991=CARTESIAN_POINT('Origin',(-84.4541380165634,10.3603210550492,18.));
#2992=CARTESIAN_POINT('Origin',(-86.4541380165633,-8.94019137361331,22.7229864079338));
#2993=CARTESIAN_POINT('',(-86.4541380165633,-8.94019137361331,22.7229864079338));
#2994=CARTESIAN_POINT('',(-86.4541380165633,-8.94019137361331,7.20182082874405));
#2995=CARTESIAN_POINT('',(-86.4541380165633,-8.94019137361331,11.3614932039669));
#2996=CARTESIAN_POINT('',(-84.4541380165634,-8.94019137361331,22.7229864079338));
#2997=CARTESIAN_POINT('',(-86.4541380165633,-8.94019137361331,22.7229864079338));
#2998=CARTESIAN_POINT('',(-84.4541380165634,-8.94019137361331,7.20182082874405));
#2999=CARTESIAN_POINT('',(-84.4541380165634,-8.94019137361331,22.7229864079338));
#3000=CARTESIAN_POINT('',(-86.4541380165633,-8.94019137361331,7.20182082874405));
#3001=CARTESIAN_POINT('Origin',(-86.4541380165633,19.9912612659964,22.7229864079338));
#3002=CARTESIAN_POINT('',(-86.4541380165633,19.9912612659964,22.7229864079338));
#3003=CARTESIAN_POINT('',(-86.4541380165633,52.3322543995363,22.7229864079338));
#3004=CARTESIAN_POINT('',(-84.4541380165634,19.9912612659964,22.7229864079338));
#3005=CARTESIAN_POINT('',(-86.4541380165633,19.9912612659964,22.7229864079338));
#3006=CARTESIAN_POINT('',(-84.4541380165634,19.9912612659964,22.7229864079338));
#3007=CARTESIAN_POINT('Origin',(-86.4541380165633,19.9912612659964,7.20182082874405));
#3008=CARTESIAN_POINT('',(-86.4541380165633,19.9912612659964,7.20182082874405));
#3009=CARTESIAN_POINT('',(-86.4541380165633,19.9912612659964,3.60091041437203));
#3010=CARTESIAN_POINT('',(-84.4541380165634,19.9912612659964,7.20182082874405));
#3011=CARTESIAN_POINT('',(-86.4541380165633,19.9912612659964,7.20182082874405));
#3012=CARTESIAN_POINT('',(-84.4541380165634,19.9912612659964,7.20182082874405));
#3013=CARTESIAN_POINT('Origin',(-86.4541380165633,-8.94019137361331,7.20182082874405));
#3014=CARTESIAN_POINT('',(-86.4541380165633,37.8665280797314,7.20182082874405));
#3015=CARTESIAN_POINT('',(-84.4541380165634,-8.94019137361331,7.20182082874405));
#3016=CARTESIAN_POINT('Origin',(-84.4541380165634,5.52553494619156,14.9624036183389));
#3017=CARTESIAN_POINT('',(-84.4541380165634,17.2243912396338,15.));
#3018=CARTESIAN_POINT('Origin',(-36.4541380165634,28.9232475330761,25.));
#3019=CARTESIAN_POINT('',(-86.4541380165633,80.8384244271355,25.));
#3020=CARTESIAN_POINT('',(-86.4541380165633,-22.8883835925461,25.));
#3021=CARTESIAN_POINT('',(-86.4541380165633,-26.8267524669239,25.));
#3022=CARTESIAN_POINT('',(-82.1306338364345,-26.8267524669239,25.));
#3023=CARTESIAN_POINT('Origin',(-86.1303397468384,-26.8752563871714,25.));
#3024=CARTESIAN_POINT('',(9.28521367582517,-26.8267524669239,25.));
#3025=CARTESIAN_POINT('',(13.5458619834366,-26.8267524669239,25.));
#3026=CARTESIAN_POINT('',(13.5458619834366,-22.5605900160196,25.));
#3027=CARTESIAN_POINT('Origin',(13.2757290587232,-26.5514581174464,25.));
#3028=CARTESIAN_POINT('',(13.5458619834366,80.8366112552238,25.));
#3029=CARTESIAN_POINT('',(13.5458619834366,84.6732475330761,25.));
#3030=CARTESIAN_POINT('',(9.44090595278249,84.6732475330761,25.));
#3031=CARTESIAN_POINT('Origin',(13.4376281935857,84.8351466679386,25.));
#3032=CARTESIAN_POINT('',(-82.6193149106227,84.6732475330761,25.));
#3033=CARTESIAN_POINT('',(-86.4541380165633,84.6732475330761,25.));
#3034=CARTESIAN_POINT('Origin',(-86.6160371514259,84.8351466679386,25.));
#3035=CARTESIAN_POINT('',(-83.3780544541763,-23.972684136943,25.));
#3036=CARTESIAN_POINT('',(-83.3780544541763,81.920962240414,25.));
#3037=CARTESIAN_POINT('',(-83.3780544541763,2.42210488674506,25.));
#3038=CARTESIAN_POINT('',(10.6219455458237,81.920962240414,25.));
#3039=CARTESIAN_POINT('',(-59.9160962353698,81.920962240414,25.));
#3040=CARTESIAN_POINT('',(10.6219455458237,-23.5585610148612,25.));
#3041=CARTESIAN_POINT('',(10.6219455458237,55.4221048867451,25.));
#3042=CARTESIAN_POINT('',(10.1313471522052,-24.079037759586,25.));
#3043=CARTESIAN_POINT('Origin',(13.2757290587232,-26.5514581174464,25.));
#3044=CARTESIAN_POINT('',(-83.2700667901533,-24.079037759586,25.));
#3045=CARTESIAN_POINT('',(-12.9160962353698,-24.079037759586,25.));
#3046=CARTESIAN_POINT('Origin',(-86.1303397468384,-26.8752563871714,25.));
#3047=CARTESIAN_POINT('',(14.9257290587232,-26.5514581174464,25.));
#3048=CARTESIAN_POINT('Origin',(13.2757290587232,-26.5514581174464,25.));
#3049=CARTESIAN_POINT('',(-84.9660371514259,84.8351466679386,25.));
#3050=CARTESIAN_POINT('Origin',(-86.6160371514259,84.8351466679386,25.));
#3051=CARTESIAN_POINT('',(-84.4803397468385,-26.8752563871714,25.));
#3052=CARTESIAN_POINT('Origin',(-86.1303397468384,-26.8752563871714,25.));
#3053=CARTESIAN_POINT('',(15.0876281935857,84.8351466679386,25.));
#3054=CARTESIAN_POINT('Origin',(13.4376281935857,84.8351466679386,25.));
#3055=CARTESIAN_POINT('Origin',(-83.3780544541763,-24.079037759586,15.));
#3056=CARTESIAN_POINT('',(-83.3780544541763,-23.972684136943,4.));
#3057=CARTESIAN_POINT('',(-83.3780544541763,-23.972684136943,0.));
#3058=CARTESIAN_POINT('',(-83.3780544541763,46.6164227585639,4.));
#3059=CARTESIAN_POINT('',(-83.3780544541763,-24.079037759586,4.));
#3060=CARTESIAN_POINT('',(-83.3780544541763,46.6164227585639,15.));
#3061=CARTESIAN_POINT('',(-83.3780544541763,46.6164227585639,15.));
#3062=CARTESIAN_POINT('',(-83.3780544541763,46.6164227585639,15.));
#3063=CARTESIAN_POINT('',(-83.3780544541763,58.8002605250067,4.));
#3064=CARTESIAN_POINT('',(-83.3780544541763,-24.079037759586,4.));
#3065=CARTESIAN_POINT('',(-83.3780544541763,58.8002605250067,15.));
#3066=CARTESIAN_POINT('',(-83.3780544541763,58.8002605250067,9.5));
#3067=CARTESIAN_POINT('',(-83.3780544541763,58.8002605250067,9.5));
#3068=CARTESIAN_POINT('',(-83.3780544541763,71.3019375375306,4.));
#3069=CARTESIAN_POINT('',(-83.3780544541763,-24.079037759586,4.));
#3070=CARTESIAN_POINT('',(-83.3780544541763,71.3019375375306,15.));
#3071=CARTESIAN_POINT('',(-83.3780544541763,71.3019375375306,9.5));
#3072=CARTESIAN_POINT('',(-83.3780544541763,71.3019375375306,9.5));
#3073=CARTESIAN_POINT('',(-83.3780544541763,81.920962240414,4.));
#3074=CARTESIAN_POINT('',(-83.3780544541763,-24.079037759586,4.));
#3075=CARTESIAN_POINT('',(-83.3780544541763,81.920962240414,15.));
#3076=CARTESIAN_POINT('',(-83.3780544541763,2.42210488674506,15.));
#3077=CARTESIAN_POINT('Origin',(-36.5892044789201,84.6732475330761,13.149611060876));
#3078=CARTESIAN_POINT('',(-33.5892044789201,84.6732475330761,13.149611060876));
#3079=CARTESIAN_POINT('Origin',(-36.5892044789201,84.6732475330761,13.149611060876));
#3080=CARTESIAN_POINT('',(-33.5892044789201,81.920962240414,13.149611060876));
#3081=CARTESIAN_POINT('',(-33.5892044789201,84.6732475330761,13.149611060876));
#3082=CARTESIAN_POINT('Origin',(-36.5892044789201,81.920962240414,13.149611060876));
#3083=CARTESIAN_POINT('Origin',(-78.9541380165633,36.6164227585639,6.8044233939951));
#3084=CARTESIAN_POINT('',(-86.3793785198979,41.6164227585638,5.74810740545739));
#3085=CARTESIAN_POINT('',(-83.3780544541763,46.6164227585639,0.74810740545736));
#3086=CARTESIAN_POINT('Origin',(-78.9541380165633,40.5601067700261,6.8044233939951));
#3087=CARTESIAN_POINT('',(-84.4541380165634,46.6164227585639,1.70540388040233));
#3088=CARTESIAN_POINT('Origin',(-78.9541380165633,46.6164227585639,6.8044233939951));
#3089=CARTESIAN_POINT('',(-84.4541380165634,58.8002605250067,1.70540388040233));
#3090=CARTESIAN_POINT('',(-84.4541380165634,36.6164227585639,1.70540388040233));
#3091=CARTESIAN_POINT('',(-83.3780544541763,58.8002605250067,0.748107405457347));
#3092=CARTESIAN_POINT('Origin',(-78.9541380165633,58.8002605250067,6.8044233939951));
#3093=CARTESIAN_POINT('',(-86.3793785198979,63.8002605250067,5.74810740545739));
#3094=CARTESIAN_POINT('Origin',(-78.9541380165633,64.8565765135445,6.8044233939951));
#3095=CARTESIAN_POINT('',(-86.3793785198979,36.6164227585639,5.74810740545736));
#3096=CARTESIAN_POINT('Origin',(-78.9541380165633,36.6164227585639,8.94368401146226));
#3097=CARTESIAN_POINT('',(-86.3793785198979,41.6164227585639,10.));
#3098=CARTESIAN_POINT('Origin',(-78.9541380165633,40.5601067700261,8.94368401146226));
#3099=CARTESIAN_POINT('',(-86.3793785198979,63.8002605250067,10.));
#3100=CARTESIAN_POINT('',(-86.3793785198979,36.6164227585639,10.));
#3101=CARTESIAN_POINT('Origin',(-78.9541380165633,64.8565765135445,8.94368401146226));
#3102=CARTESIAN_POINT('',(-84.4541380165634,58.8002605250067,14.042703525055));
#3103=CARTESIAN_POINT('Origin',(-78.9541380165633,58.8002605250067,8.94368401146226));
#3104=CARTESIAN_POINT('',(-84.4541380165634,46.6164227585639,14.042703525055));
#3105=CARTESIAN_POINT('',(-84.4541380165634,36.6164227585639,14.042703525055));
#3106=CARTESIAN_POINT('Origin',(-78.9541380165633,46.6164227585639,8.94368401146226));
#3107=CARTESIAN_POINT('Origin',(-78.9541380165633,36.6164227585639,8.94368401146226));
#3108=CARTESIAN_POINT('',(-86.3793785198979,71.3019375375306,10.));
#3109=CARTESIAN_POINT('Origin',(-78.9541380165633,71.3019375375306,8.94368401146226));
#3110=CARTESIAN_POINT('',(-86.3793785198979,66.3019375375306,10.));
#3111=CARTESIAN_POINT('Origin',(-78.9541380165633,65.2456215489929,8.94368401146226));
#3112=CARTESIAN_POINT('',(-86.3793785198979,36.6164227585639,10.));
#3113=CARTESIAN_POINT('Origin',(-86.3793785198979,36.6164227585639,10.));
#3114=CARTESIAN_POINT('',(-86.3793785198979,41.6164227585639,15.));
#3115=CARTESIAN_POINT('',(-86.3793785198979,63.8002605250067,9.5));
#3116=CARTESIAN_POINT('Origin',(-86.3793785198979,36.6164227585639,10.));
#3117=CARTESIAN_POINT('',(-86.3793785198979,71.3019375375306,5.74810740545736));
#3118=CARTESIAN_POINT('',(-86.3793785198979,71.3019375375306,7.));
#3119=CARTESIAN_POINT('',(-86.3793785198979,66.3019375375306,5.74810740545739));
#3120=CARTESIAN_POINT('',(-86.3793785198979,66.3019375375306,9.5));
#3121=CARTESIAN_POINT('',(-86.3793785198979,36.6164227585639,5.74810740545736));
#3122=CARTESIAN_POINT('Origin',(-78.9541380165633,36.6164227585639,6.8044233939951));
#3123=CARTESIAN_POINT('',(-83.3780544541763,71.3019375375306,0.74810740545736));
#3124=CARTESIAN_POINT('Origin',(-78.9541380165633,71.3019375375306,6.8044233939951));
#3125=CARTESIAN_POINT('Origin',(-78.9541380165633,65.2456215489929,6.8044233939951));
#3126=CARTESIAN_POINT('Origin',(-94.8220417475333,58.8002605250067,4.));
#3127=CARTESIAN_POINT('',(-83.3780544541763,58.8002605250067,9.5));
#3128=CARTESIAN_POINT('',(-84.4541380165634,58.8002605250067,2.));
#3129=CARTESIAN_POINT('Origin',(-82.1084719042886,71.3019375375306,4.));
#3130=CARTESIAN_POINT('',(-83.3780544541763,71.3019375375306,9.5));
#3131=CARTESIAN_POINT('Origin',(-84.4541380165634,84.6732475330761,0.));
#3132=CARTESIAN_POINT('',(-84.4541380165634,46.6164227585639,7.5));
#3133=CARTESIAN_POINT('Origin',(-86.4541380165633,84.6732475330761,0.));
#3134=CARTESIAN_POINT('',(-86.4541380165633,80.8384244271355,0.));
#3135=CARTESIAN_POINT('',(-86.4541380165633,80.8384244271355,0.));
#3136=CARTESIAN_POINT('',(-86.4541380165633,-22.8883835925461,0.));
#3137=CARTESIAN_POINT('',(-86.4541380165633,-26.8267524669239,0.));
#3138=CARTESIAN_POINT('',(-86.4541380165633,-22.8883835925461,0.));
#3139=CARTESIAN_POINT('Origin',(-36.4541380165634,28.9232475330761,15.));
#3140=CARTESIAN_POINT('Origin',(-82.1084719042886,46.6164227585639,15.));
#3141=CARTESIAN_POINT('',(-83.3780544541763,46.6164227585639,15.));
#3142=CARTESIAN_POINT('Origin',(0.0946624211327762,73.1222096836445,3.));
#3143=CARTESIAN_POINT('',(-1.55533757886722,73.1222096836445,8.));
#3144=CARTESIAN_POINT('Origin',(0.0946624211327762,73.1222096836445,8.));
#3145=CARTESIAN_POINT('',(-1.55533757886722,73.1222096836445,6.));
#3146=CARTESIAN_POINT('',(-1.55533757886722,73.1222096836445,3.));
#3147=CARTESIAN_POINT('Origin',(0.0946624211327762,73.1222096836445,6.));
#3148=CARTESIAN_POINT('Origin',(-73.3430095972168,73.1230603378417,3.));
#3149=CARTESIAN_POINT('',(-74.9930095972168,73.1230603378417,8.));
#3150=CARTESIAN_POINT('Origin',(-73.3430095972168,73.1230603378417,8.));
#3151=CARTESIAN_POINT('',(-74.9930095972168,73.1230603378417,6.));
#3152=CARTESIAN_POINT('',(-74.9930095972168,73.1230603378417,3.));
#3153=CARTESIAN_POINT('Origin',(-73.3430095972168,73.1230603378417,6.));
#3154=CARTESIAN_POINT('Origin',(-73.3564066605697,-15.4203035134495,3.));
#3155=CARTESIAN_POINT('',(-75.0064066605697,-15.4203035134495,8.));
#3156=CARTESIAN_POINT('Origin',(-73.3564066605697,-15.4203035134495,8.));
#3157=CARTESIAN_POINT('',(-75.0064066605697,-15.4203035134495,6.));
#3158=CARTESIAN_POINT('',(-75.0064066605697,-15.4203035134495,3.));
#3159=CARTESIAN_POINT('Origin',(-73.3564066605697,-15.4203035134495,6.));
#3160=CARTESIAN_POINT('Origin',(0.200230684545204,-15.3770874319252,3.));
#3161=CARTESIAN_POINT('',(-1.4497693154548,-15.3770874319252,8.));
#3162=CARTESIAN_POINT('Origin',(0.200230684545204,-15.3770874319252,8.));
#3163=CARTESIAN_POINT('',(-1.4497693154548,-15.3770874319252,6.));
#3164=CARTESIAN_POINT('',(-1.4497693154548,-15.3770874319252,3.));
#3165=CARTESIAN_POINT('Origin',(0.200230684545204,-15.3770874319252,6.));
#3166=CARTESIAN_POINT('Origin',(0.17659068444967,-15.4263277556277,6.));
#3167=CARTESIAN_POINT('',(2.77659068444967,-16.9274384555207,6.));
#3168=CARTESIAN_POINT('',(2.77659068444967,-13.9252170557346,6.));
#3169=CARTESIAN_POINT('',(2.77659068444967,-14.6757724056811,6.));
#3170=CARTESIAN_POINT('',(0.17659068444967,-18.4285491554137,6.));
#3171=CARTESIAN_POINT('',(2.12659068444967,-17.3027161304939,6.));
#3172=CARTESIAN_POINT('',(-2.42340931555033,-16.9274384555207,6.));
#3173=CARTESIAN_POINT('',(-0.473409315550331,-18.0532714804405,6.));
#3174=CARTESIAN_POINT('',(-2.42340931555033,-13.9252170557346,6.));
#3175=CARTESIAN_POINT('',(-2.42340931555033,-16.1768831055742,6.));
#3176=CARTESIAN_POINT('',(0.176590684449671,-12.4241063558416,6.));
#3177=CARTESIAN_POINT('',(-1.77340931555033,-13.5499393807614,6.));
#3178=CARTESIAN_POINT('',(0.82659068444967,-12.7993840308149,6.));
#3179=CARTESIAN_POINT('Origin',(-2.42340931555033,-16.9274384555207,8.));
#3180=CARTESIAN_POINT('',(-2.42340931555033,-16.9274384555207,0.));
#3181=CARTESIAN_POINT('',(-2.42340931555033,-16.9274384555207,8.));
#3182=CARTESIAN_POINT('',(-2.42340931555033,-13.9252170557346,0.));
#3183=CARTESIAN_POINT('',(-2.42340931555033,5.99790453877772,0.));
#3184=CARTESIAN_POINT('',(-2.42340931555033,-13.9252170557346,8.));
#3185=CARTESIAN_POINT('Origin',(0.17659068444967,-18.4285491554137,8.));
#3186=CARTESIAN_POINT('',(0.17659068444967,-18.4285491554137,0.));
#3187=CARTESIAN_POINT('',(0.17659068444967,-18.4285491554137,8.));
#3188=CARTESIAN_POINT('',(-23.8118972901972,-4.57878916579923,0.));
#3189=CARTESIAN_POINT('Origin',(2.77659068444967,-16.9274384555207,8.));
#3190=CARTESIAN_POINT('',(2.77659068444967,-16.9274384555207,0.));
#3191=CARTESIAN_POINT('',(2.77659068444967,-16.9274384555207,8.));
#3192=CARTESIAN_POINT('',(-2.0079678666632,-19.6898046229592,0.));
#3193=CARTESIAN_POINT('Origin',(0.176590684449671,73.0736722443723,6.));
#3194=CARTESIAN_POINT('',(2.77659068444967,71.5725615444793,6.));
#3195=CARTESIAN_POINT('',(2.77659068444967,74.5747829442654,6.));
#3196=CARTESIAN_POINT('',(2.77659068444967,73.8242275943188,6.));
#3197=CARTESIAN_POINT('',(0.176590684449666,70.0714508445863,6.));
#3198=CARTESIAN_POINT('',(2.12659068444967,71.1972838695061,6.));
#3199=CARTESIAN_POINT('',(-2.42340931555033,71.5725615444793,6.));
#3200=CARTESIAN_POINT('',(-0.473409315550332,70.4467285195595,6.));
#3201=CARTESIAN_POINT('',(-2.42340931555033,74.5747829442654,6.));
#3202=CARTESIAN_POINT('',(-2.42340931555033,72.3231168944258,6.));
#3203=CARTESIAN_POINT('',(0.176590684449676,76.0758936441584,6.));
#3204=CARTESIAN_POINT('',(-1.77340931555033,74.9500606192386,6.));
#3205=CARTESIAN_POINT('',(0.826590684449673,75.7006159691851,6.));
#3206=CARTESIAN_POINT('Origin',(-2.42340931555033,71.5725615444793,8.));
#3207=CARTESIAN_POINT('',(-2.42340931555033,71.5725615444793,0.));
#3208=CARTESIAN_POINT('',(-2.42340931555033,71.5725615444793,8.));
#3209=CARTESIAN_POINT('',(-2.42340931555033,74.5747829442654,0.));
#3210=CARTESIAN_POINT('',(-2.42340931555036,50.2479045387777,0.));
#3211=CARTESIAN_POINT('',(-2.42340931555033,74.5747829442654,8.));
#3212=CARTESIAN_POINT('Origin',(0.176590684449666,70.0714508445863,8.));
#3213=CARTESIAN_POINT('',(0.176590684449666,70.0714508445863,0.));
#3214=CARTESIAN_POINT('',(0.176590684449666,70.0714508445863,8.));
#3215=CARTESIAN_POINT('',(-4.65108523146647,72.8587108342007,-5.55111512312578E-16));
#3216=CARTESIAN_POINT('Origin',(2.77659068444967,71.5725615444793,8.));
#3217=CARTESIAN_POINT('',(2.77659068444967,71.5725615444793,0.));
#3218=CARTESIAN_POINT('',(2.77659068444967,71.5725615444793,8.));
#3219=CARTESIAN_POINT('',(-21.1687799253939,57.7476953770408,0.));
#3220=CARTESIAN_POINT('Origin',(-70.7234093155503,74.5747829442654,8.));
#3221=CARTESIAN_POINT('',(-70.7234093155503,74.5747829442654,6.));
#3222=CARTESIAN_POINT('',(-70.7234093155503,71.5725615444793,6.));
#3223=CARTESIAN_POINT('',(-70.7234093155503,74.5747829442654,6.));
#3224=CARTESIAN_POINT('',(-70.7234093155503,74.5747829442654,0.));
#3225=CARTESIAN_POINT('',(-70.7234093155503,74.5747829442654,8.));
#3226=CARTESIAN_POINT('',(-70.7234093155503,71.5725615444793,0.));
#3227=CARTESIAN_POINT('',(-70.7234093155503,51.7490152386707,0.));
#3228=CARTESIAN_POINT('',(-70.7234093155503,71.5725615444793,8.));
#3229=CARTESIAN_POINT('Origin',(-73.3234093155503,76.0758936441584,8.));
#3230=CARTESIAN_POINT('',(-73.3234093155503,76.0758936441584,6.));
#3231=CARTESIAN_POINT('',(-73.3234093155503,76.0758936441584,6.));
#3232=CARTESIAN_POINT('',(-73.3234093155503,76.0758936441584,0.));
#3233=CARTESIAN_POINT('',(-73.3234093155503,76.0758936441584,8.));
#3234=CARTESIAN_POINT('',(-49.2885852314665,62.1993814892873,-5.55111512312578E-16));
#3235=CARTESIAN_POINT('Origin',(-75.9234093155503,74.5747829442654,8.));
#3236=CARTESIAN_POINT('',(-75.9234093155503,74.5747829442654,6.));
#3237=CARTESIAN_POINT('',(-75.9234093155503,74.5747829442654,6.));
#3238=CARTESIAN_POINT('',(-75.9234093155503,74.5747829442654,0.));
#3239=CARTESIAN_POINT('',(-75.9234093155503,74.5747829442654,8.));
#3240=CARTESIAN_POINT('',(-71.0062799253939,77.4136889213124,0.));
#3241=CARTESIAN_POINT('Origin',(-73.3234093155503,-15.4263277556277,6.));
#3242=CARTESIAN_POINT('',(-74.8245200154434,-18.0263277556277,6.));
#3243=CARTESIAN_POINT('',(-71.8222986156573,-18.0263277556277,6.));
#3244=CARTESIAN_POINT('',(-72.5728539656038,-18.0263277556277,6.));
#3245=CARTESIAN_POINT('',(-76.3256307153364,-15.4263277556277,6.));
#3246=CARTESIAN_POINT('',(-75.1997976904166,-17.3763277556277,6.));
#3247=CARTESIAN_POINT('',(-74.8245200154434,-12.8263277556277,6.));
#3248=CARTESIAN_POINT('',(-75.9503530403631,-14.7763277556277,6.));
#3249=CARTESIAN_POINT('',(-71.8222986156573,-12.8263277556277,6.));
#3250=CARTESIAN_POINT('',(-74.0739646654968,-12.8263277556277,6.));
#3251=CARTESIAN_POINT('',(-70.3211879157643,-15.4263277556277,6.));
#3252=CARTESIAN_POINT('',(-71.4470209406841,-13.4763277556277,6.));
#3253=CARTESIAN_POINT('',(-70.6964655907375,-16.0763277556277,6.));
#3254=CARTESIAN_POINT('Origin',(-74.8245200154434,-12.8263277556277,8.));
#3255=CARTESIAN_POINT('',(-74.8245200154434,-12.8263277556277,0.));
#3256=CARTESIAN_POINT('',(-74.8245200154434,-12.8263277556277,8.));
#3257=CARTESIAN_POINT('',(-71.8222986156573,-12.8263277556277,0.));
#3258=CARTESIAN_POINT('',(-55.6393290160034,-12.8263277556277,0.));
#3259=CARTESIAN_POINT('',(-71.8222986156573,-12.8263277556277,8.));
#3260=CARTESIAN_POINT('Origin',(-76.3256307153364,-15.4263277556277,8.));
#3261=CARTESIAN_POINT('',(-76.3256307153364,-15.4263277556277,0.));
#3262=CARTESIAN_POINT('',(-76.3256307153364,-15.4263277556277,8.));
#3263=CARTESIAN_POINT('',(-61.7397294162227,9.83719436862205,-5.55111512312578E-16));
#3264=CARTESIAN_POINT('Origin',(-74.8245200154434,-18.0263277556277,8.));
#3265=CARTESIAN_POINT('',(-74.8245200154434,-18.0263277556277,0.));
#3266=CARTESIAN_POINT('',(-74.8245200154434,-18.0263277556277,8.));
#3267=CARTESIAN_POINT('',(-80.1931034898103,-8.72766841334949,5.55111512312578E-16));
#3268=CARTESIAN_POINT('Origin',(0.176590684449676,76.0758936441584,8.));
#3269=CARTESIAN_POINT('',(0.176590684449676,76.0758936441584,0.));
#3270=CARTESIAN_POINT('',(0.176590684449676,76.0758936441584,8.));
#3271=CARTESIAN_POINT('',(2.77659068444967,74.5747829442654,0.));
#3272=CARTESIAN_POINT('',(-3.35108523146647,78.1125982838263,0.));
#3273=CARTESIAN_POINT('',(2.77659068444967,74.5747829442654,8.));
#3274=CARTESIAN_POINT('Origin',(-2.42340931555033,74.5747829442654,8.));
#3275=CARTESIAN_POINT('',(-25.0687799253939,61.5004721267734,5.55111512312578E-16));
#3276=CARTESIAN_POINT('Origin',(2.77659068444967,74.5747829442654,8.));
#3277=CARTESIAN_POINT('',(2.77659068444964,51.7490152386707,0.));
#3278=CARTESIAN_POINT('Origin',(0.176590684449671,-12.4241063558416,8.));
#3279=CARTESIAN_POINT('',(0.17659068444967,-12.4241063558416,0.));
#3280=CARTESIAN_POINT('',(0.17659068444967,-12.4241063558416,8.));
#3281=CARTESIAN_POINT('',(2.77659068444967,-13.9252170557346,0.));
#3282=CARTESIAN_POINT('',(-22.5118972901972,0.675098283826371,0.));
#3283=CARTESIAN_POINT('',(2.77659068444967,-13.9252170557346,8.));
#3284=CARTESIAN_POINT('Origin',(-2.42340931555033,-13.9252170557346,8.));
#3285=CARTESIAN_POINT('',(-5.9079678666632,-15.9370278732267,-5.55111512312578E-16));
#3286=CARTESIAN_POINT('Origin',(2.77659068444967,-13.9252170557346,8.));
#3287=CARTESIAN_POINT('',(2.77659068444967,7.49901523867074,0.));
#3288=CARTESIAN_POINT('Origin',(-70.3211879157643,-15.4263277556277,8.));
#3289=CARTESIAN_POINT('',(-70.3211879157643,-15.4263277556277,0.));
#3290=CARTESIAN_POINT('',(-70.3211879157643,-15.4263277556277,8.));
#3291=CARTESIAN_POINT('',(-71.8222986156573,-18.0263277556277,0.));
#3292=CARTESIAN_POINT('',(-56.4858419665971,8.53719436862205,-5.55111512312578E-16));
#3293=CARTESIAN_POINT('',(-71.8222986156573,-18.0263277556277,8.));
#3294=CARTESIAN_POINT('Origin',(-71.8222986156573,-12.8263277556277,8.));
#3295=CARTESIAN_POINT('',(-76.4403267400777,-4.8276684133495,5.55111512312578E-16));
#3296=CARTESIAN_POINT('Origin',(-71.8222986156573,-18.0263277556277,8.));
#3297=CARTESIAN_POINT('',(-54.1382183161104,-18.0263277556277,0.));
#3298=CARTESIAN_POINT('Origin',(-73.3234093155504,70.0714508445863,8.));
#3299=CARTESIAN_POINT('',(-73.3234093155504,70.0714508445863,6.));
#3300=CARTESIAN_POINT('',(-75.9234093155503,71.5725615444793,6.));
#3301=CARTESIAN_POINT('',(-73.3234093155504,70.0714508445863,6.));
#3302=CARTESIAN_POINT('',(-73.3234093155504,70.0714508445863,0.));
#3303=CARTESIAN_POINT('',(-73.3234093155504,70.0714508445863,8.));
#3304=CARTESIAN_POINT('',(-75.9234093155503,71.5725615444793,0.));
#3305=CARTESIAN_POINT('',(-50.5885852314665,56.9454940396617,-5.55111512312578E-16));
#3306=CARTESIAN_POINT('',(-75.9234093155503,71.5725615444793,8.));
#3307=CARTESIAN_POINT('Origin',(-70.7234093155503,71.5725615444793,8.));
#3308=CARTESIAN_POINT('',(-70.7234093155503,71.5725615444793,6.));
#3309=CARTESIAN_POINT('',(-67.1062799253938,73.6609121715799,-5.55111512312578E-16));
#3310=CARTESIAN_POINT('Origin',(-75.9234093155503,71.5725615444793,8.));
#3311=CARTESIAN_POINT('',(-75.9234093155503,71.5725615444793,6.));
#3312=CARTESIAN_POINT('',(-75.9234093155504,50.2479045387778,0.));
#3313=CARTESIAN_POINT('Origin',(-73.3234093155503,-15.4263277556277,4.));
#3314=CARTESIAN_POINT('',(-69.3234093155503,-15.4263277556277,8.));
#3315=CARTESIAN_POINT('Origin',(-73.3234093155503,-15.4263277556277,8.));
#3316=CARTESIAN_POINT('',(-69.3234093155503,-15.4263277556277,4.));
#3317=CARTESIAN_POINT('',(-69.3234093155503,-15.4263277556277,4.));
#3318=CARTESIAN_POINT('Origin',(-73.3234093155503,-15.4263277556277,4.));
#3319=CARTESIAN_POINT('Origin',(-73.3234093155503,-15.4263277556277,8.));
#3320=CARTESIAN_POINT('Origin',(-73.3234093155503,73.0736722443723,4.));
#3321=CARTESIAN_POINT('',(-69.3234093155503,73.0736722443723,8.));
#3322=CARTESIAN_POINT('Origin',(-73.3234093155503,73.0736722443723,8.));
#3323=CARTESIAN_POINT('',(-69.3234093155503,73.0736722443723,4.));
#3324=CARTESIAN_POINT('',(-69.3234093155503,73.0736722443723,4.));
#3325=CARTESIAN_POINT('Origin',(-73.3234093155503,73.0736722443723,4.));
#3326=CARTESIAN_POINT('Origin',(0.17659068444967,-15.4263277556277,4.));
#3327=CARTESIAN_POINT('',(4.17659068444967,-15.4263277556277,8.));
#3328=CARTESIAN_POINT('Origin',(0.17659068444967,-15.4263277556277,8.));
#3329=CARTESIAN_POINT('',(4.17659068444967,-15.4263277556277,4.));
#3330=CARTESIAN_POINT('',(4.17659068444967,-15.4263277556277,4.));
#3331=CARTESIAN_POINT('Origin',(0.17659068444967,-15.4263277556277,4.));
#3332=CARTESIAN_POINT('Origin',(0.17659068444967,-15.4263277556277,8.));
#3333=CARTESIAN_POINT('Origin',(0.17659068444967,73.0736722443723,4.));
#3334=CARTESIAN_POINT('',(4.17659068444967,73.0736722443723,8.));
#3335=CARTESIAN_POINT('Origin',(0.17659068444967,73.0736722443723,8.));
#3336=CARTESIAN_POINT('',(4.17659068444967,73.0736722443723,4.));
#3337=CARTESIAN_POINT('',(4.17659068444967,73.0736722443723,4.));
#3338=CARTESIAN_POINT('Origin',(0.17659068444967,73.0736722443723,4.));
#3339=CARTESIAN_POINT('Origin',(0.17659068444967,73.0736722443723,8.));
#3340=CARTESIAN_POINT('Origin',(13.4376281935857,84.8351466679386,15.));
#3341=CARTESIAN_POINT('',(15.0876281935857,84.8351466679386,10.));
#3342=CARTESIAN_POINT('',(15.0876281935857,84.8351466679386,15.));
#3343=CARTESIAN_POINT('Origin',(13.4376281935857,84.8351466679386,10.));
#3344=CARTESIAN_POINT('Origin',(-86.1303397468384,-26.8752563871714,15.));
#3345=CARTESIAN_POINT('',(-84.4803397468385,-26.8752563871714,10.));
#3346=CARTESIAN_POINT('',(-84.4803397468385,-26.8752563871714,15.));
#3347=CARTESIAN_POINT('Origin',(-86.1303397468384,-26.8752563871714,10.));
#3348=CARTESIAN_POINT('Origin',(-86.6160371514259,84.8351466679386,15.));
#3349=CARTESIAN_POINT('',(-84.9660371514259,84.8351466679386,10.));
#3350=CARTESIAN_POINT('',(-84.9660371514259,84.8351466679386,15.));
#3351=CARTESIAN_POINT('Origin',(-86.6160371514259,84.8351466679386,10.));
#3352=CARTESIAN_POINT('Origin',(13.2757290587232,-26.5514581174464,15.));
#3353=CARTESIAN_POINT('',(14.9257290587232,-26.5514581174464,10.));
#3354=CARTESIAN_POINT('',(14.9257290587232,-26.5514581174464,15.));
#3355=CARTESIAN_POINT('Origin',(13.2757290587232,-26.5514581174464,10.));
#3356=CARTESIAN_POINT('Origin',(15.3811175194636,-29.0051640416994,0.));
#3357=CARTESIAN_POINT('',(15.3811175194636,-29.0051640416994,0.));
#3358=CARTESIAN_POINT('',(16.4533949529129,-25.9549911877371,0.));
#3359=CARTESIAN_POINT('',(21.592696248964,-11.3358666845541,0.));
#3360=CARTESIAN_POINT('',(15.3811175194636,-29.0051640416994,10.));
#3361=CARTESIAN_POINT('',(15.3811175194636,-29.0051640416994,0.));
#3362=CARTESIAN_POINT('',(16.4533949529129,-25.9549911877371,10.));
#3363=CARTESIAN_POINT('',(16.4533949529129,-25.9549911877371,10.));
#3364=CARTESIAN_POINT('',(16.4533949529129,-25.9549911877371,0.));
#3365=CARTESIAN_POINT('Origin',(12.2034516252739,-29.6016309714087,0.));
#3366=CARTESIAN_POINT('',(12.2034516252739,-29.6016309714087,0.));
#3367=CARTESIAN_POINT('',(-5.99153424624145,-33.0169388484046,0.));
#3368=CARTESIAN_POINT('',(12.2034516252739,-29.6016309714087,10.));
#3369=CARTESIAN_POINT('',(12.2034516252739,-29.6016309714087,0.));
#3370=CARTESIAN_POINT('',(15.3811175194636,-29.0051640416994,10.));
#3371=CARTESIAN_POINT('Origin',(10.0980631645335,-27.1479250471557,0.));
#3372=CARTESIAN_POINT('',(10.0980631645335,-27.1479250471557,0.));
#3373=CARTESIAN_POINT('',(-13.6270970528216,0.502348175441367,0.));
#3374=CARTESIAN_POINT('',(10.0980631645335,-27.1479250471557,10.));
#3375=CARTESIAN_POINT('',(10.0980631645335,-27.1479250471557,0.));
#3376=CARTESIAN_POINT('',(12.2034516252739,-29.6016309714087,10.));
#3377=CARTESIAN_POINT('Origin',(11.1703405979828,-24.0977521931934,0.));
#3378=CARTESIAN_POINT('',(11.1703405979828,-24.0977521931934,0.));
#3379=CARTESIAN_POINT('',(16.8457806107585,-7.95354126302918,0.));
#3380=CARTESIAN_POINT('',(11.1703405979828,-24.0977521931934,10.));
#3381=CARTESIAN_POINT('',(11.1703405979828,-24.0977521931934,0.));
#3382=CARTESIAN_POINT('',(10.0980631645335,-27.1479250471557,10.));
#3383=CARTESIAN_POINT('Origin',(14.3480064921725,-23.501285263484,0.));
#3384=CARTESIAN_POINT('',(14.3480064921725,-23.501285263484,0.));
#3385=CARTESIAN_POINT('',(-5.43581232643777,-27.2148266053346,0.));
#3386=CARTESIAN_POINT('',(14.3480064921725,-23.501285263484,10.));
#3387=CARTESIAN_POINT('',(14.3480064921725,-23.501285263484,0.));
#3388=CARTESIAN_POINT('',(11.1703405979828,-24.0977521931934,10.));
#3389=CARTESIAN_POINT('Origin',(16.4533949529129,-25.9549911877371,0.));
#3390=CARTESIAN_POINT('',(-8.32445949481241,2.92213499698649,0.));
#3391=CARTESIAN_POINT('',(14.3480064921725,-23.501285263484,10.));
#3392=CARTESIAN_POINT('Origin',(13.2757290587232,-26.5514581174464,10.));
#3393=CARTESIAN_POINT('Origin',(-84.8816099442666,82.1065764202817,0.));
#3394=CARTESIAN_POINT('',(-84.8816099442666,82.1065764202817,0.));
#3395=CARTESIAN_POINT('',(-83.3858123973649,84.972919566525,0.));
#3396=CARTESIAN_POINT('',(-90.6056095543493,71.1378814351579,0.));
#3397=CARTESIAN_POINT('',(-84.8816099442666,82.1065764202817,10.));
#3398=CARTESIAN_POINT('',(-84.8816099442666,82.1065764202817,0.));
#3399=CARTESIAN_POINT('',(-83.3858123973649,84.972919566525,10.));
#3400=CARTESIAN_POINT('',(-83.3858123973649,84.972919566525,10.));
#3401=CARTESIAN_POINT('',(-83.3858123973649,84.972919566525,0.));
#3402=CARTESIAN_POINT('Origin',(-88.1118346983276,81.9688035216953,0.));
#3403=CARTESIAN_POINT('',(-88.1118346983276,81.9688035216953,0.));
#3404=CARTESIAN_POINT('',(-63.4590605783112,83.0202734370441,0.));
#3405=CARTESIAN_POINT('',(-88.1118346983276,81.9688035216953,10.));
#3406=CARTESIAN_POINT('',(-88.1118346983276,81.9688035216953,0.));
#3407=CARTESIAN_POINT('',(-84.8816099442666,82.1065764202817,10.));
#3408=CARTESIAN_POINT('Origin',(-89.8462619054869,84.6973737693522,0.));
#3409=CARTESIAN_POINT('',(-89.8462619054869,84.6973737693522,0.));
#3410=CARTESIAN_POINT('',(-69.538499687243,52.7495609372732,0.));
#3411=CARTESIAN_POINT('',(-89.8462619054869,84.6973737693522,10.));
#3412=CARTESIAN_POINT('',(-89.8462619054869,84.6973737693522,0.));
#3413=CARTESIAN_POINT('',(-88.1118346983276,81.9688035216953,10.));
#3414=CARTESIAN_POINT('Origin',(-88.3504643585853,87.5637169155956,0.));
#3415=CARTESIAN_POINT('',(-88.3504643585853,87.5637169155956,0.));
#3416=CARTESIAN_POINT('',(-94.8223627421188,75.1618503573504,0.));
#3417=CARTESIAN_POINT('',(-88.3504643585853,87.5637169155956,10.));
#3418=CARTESIAN_POINT('',(-88.3504643585853,87.5637169155956,0.));
#3419=CARTESIAN_POINT('',(-89.8462619054869,84.6973737693522,10.));
#3420=CARTESIAN_POINT('Origin',(-85.1202396045243,87.701489814182,0.));
#3421=CARTESIAN_POINT('',(-85.1202396045243,87.701489814182,0.));
#3422=CARTESIAN_POINT('',(-62.0825778615384,88.6840732802376,0.));
#3423=CARTESIAN_POINT('',(-85.1202396045243,87.701489814182,10.));
#3424=CARTESIAN_POINT('',(-85.1202396045243,87.701489814182,0.));
#3425=CARTESIAN_POINT('',(-88.3504643585853,87.5637169155956,10.));
#3426=CARTESIAN_POINT('Origin',(-83.3858123973649,84.972919566525,0.));
#3427=CARTESIAN_POINT('',(-63.9452637827007,54.3893918582745,0.));
#3428=CARTESIAN_POINT('',(-85.1202396045243,87.701489814182,10.));
#3429=CARTESIAN_POINT('Origin',(-86.6160371514259,84.8351466679386,10.));
#3430=CARTESIAN_POINT('Origin',(-86.1303397468384,-30.1084178946333,0.));
#3431=CARTESIAN_POINT('',(-86.1303397468384,-30.1084178946333,0.));
#3432=CARTESIAN_POINT('',(-83.3303397468384,-28.4918371409023,0.));
#3433=CARTESIAN_POINT('',(-54.7210336259603,-11.9742465506849,0.));
#3434=CARTESIAN_POINT('',(-86.1303397468384,-30.1084178946333,10.));
#3435=CARTESIAN_POINT('',(-86.1303397468384,-30.1084178946333,0.));
#3436=CARTESIAN_POINT('',(-83.3303397468384,-28.4918371409023,10.));
#3437=CARTESIAN_POINT('',(-83.3303397468384,-28.4918371409023,10.));
#3438=CARTESIAN_POINT('',(-83.3303397468384,-28.4918371409023,0.));
#3439=CARTESIAN_POINT('Origin',(-88.9303397468384,-28.4918371409023,0.));
#3440=CARTESIAN_POINT('',(-88.9303397468384,-28.4918371409023,0.));
#3441=CARTESIAN_POINT('',(-81.6824945700103,-32.6763825047888,0.));
#3442=CARTESIAN_POINT('',(-88.9303397468384,-28.4918371409023,10.));
#3443=CARTESIAN_POINT('',(-88.9303397468384,-28.4918371409023,0.));
#3444=CARTESIAN_POINT('',(-86.1303397468384,-30.1084178946333,10.));
#3445=CARTESIAN_POINT('Origin',(-88.9303397468384,-25.2586756334404,0.));
#3446=CARTESIAN_POINT('',(-88.9303397468384,-25.2586756334404,0.));
#3447=CARTESIAN_POINT('',(-88.9303397468384,1.83228594981786,0.));
#3448=CARTESIAN_POINT('',(-88.9303397468384,-25.2586756334404,10.));
#3449=CARTESIAN_POINT('',(-88.9303397468384,-25.2586756334404,0.));
#3450=CARTESIAN_POINT('',(-88.9303397468384,-28.4918371409023,10.));
#3451=CARTESIAN_POINT('Origin',(-86.1303397468384,-23.6420948797095,0.));
#3452=CARTESIAN_POINT('',(-86.1303397468384,-23.6420948797095,0.));
#3453=CARTESIAN_POINT('',(-56.1210336259603,-6.31621391262661,0.));
#3454=CARTESIAN_POINT('',(-86.1303397468384,-23.6420948797095,10.));
#3455=CARTESIAN_POINT('',(-86.1303397468384,-23.6420948797095,0.));
#3456=CARTESIAN_POINT('',(-88.9303397468384,-25.2586756334404,10.));
#3457=CARTESIAN_POINT('Origin',(-83.3303397468384,-25.2586756334404,0.));
#3458=CARTESIAN_POINT('',(-83.3303397468384,-25.2586756334404,0.));
#3459=CARTESIAN_POINT('',(-77.4824945700103,-28.6349306204614,0.));
#3460=CARTESIAN_POINT('',(-83.3303397468384,-25.2586756334404,10.));
#3461=CARTESIAN_POINT('',(-83.3303397468384,-25.2586756334404,0.));
#3462=CARTESIAN_POINT('',(-86.1303397468384,-23.6420948797095,10.));
#3463=CARTESIAN_POINT('Origin',(-83.3303397468384,-28.4918371409023,0.));
#3464=CARTESIAN_POINT('',(-83.3303397468384,0.215705196086913,0.));
#3465=CARTESIAN_POINT('',(-83.3303397468384,-25.2586756334404,10.));
#3466=CARTESIAN_POINT('Origin',(-86.1303397468384,-26.8752563871714,10.));
#3467=CARTESIAN_POINT('Origin',(16.6707897010476,84.8351466679386,0.));
#3468=CARTESIAN_POINT('',(16.6707897010476,84.8351466679386,0.));
#3469=CARTESIAN_POINT('',(15.0542089473166,87.6351466679386,0.));
#3470=CARTESIAN_POINT('',(22.1354549925022,75.370068736781,0.));
#3471=CARTESIAN_POINT('',(16.6707897010476,84.8351466679386,10.));
#3472=CARTESIAN_POINT('',(16.6707897010476,84.8351466679386,0.));
#3473=CARTESIAN_POINT('',(15.0542089473166,87.6351466679386,10.));
#3474=CARTESIAN_POINT('',(15.0542089473166,87.6351466679386,10.));
#3475=CARTESIAN_POINT('',(15.0542089473166,87.6351466679386,0.));
#3476=CARTESIAN_POINT('Origin',(15.0542089473166,82.0351466679386,0.));
#3477=CARTESIAN_POINT('',(15.0542089473166,82.0351466679386,0.));
#3478=CARTESIAN_POINT('',(-2.88339789667534,50.9663002479494,0.));
#3479=CARTESIAN_POINT('',(15.0542089473166,82.0351466679386,10.));
#3480=CARTESIAN_POINT('',(15.0542089473166,82.0351466679386,0.));
#3481=CARTESIAN_POINT('',(16.6707897010476,84.8351466679386,10.));
#3482=CARTESIAN_POINT('Origin',(11.8210474398547,82.0351466679386,0.));
#3483=CARTESIAN_POINT('',(11.8210474398547,82.0351466679386,0.));
#3484=CARTESIAN_POINT('',(-12.3165452883543,82.0351466679386,0.));
#3485=CARTESIAN_POINT('',(11.8210474398547,82.0351466679386,10.));
#3486=CARTESIAN_POINT('',(11.8210474398547,82.0351466679386,0.));
#3487=CARTESIAN_POINT('',(15.0542089473166,82.0351466679386,10.));
#3488=CARTESIAN_POINT('Origin',(10.2044666861238,84.8351466679386,0.));
#3489=CARTESIAN_POINT('',(10.2044666861238,84.8351466679386,0.));
#3490=CARTESIAN_POINT('',(16.4774223544439,73.970068736781,0.));
#3491=CARTESIAN_POINT('',(10.2044666861238,84.8351466679386,10.));
#3492=CARTESIAN_POINT('',(10.2044666861238,84.8351466679386,0.));
#3493=CARTESIAN_POINT('',(11.8210474398547,82.0351466679386,10.));
#3494=CARTESIAN_POINT('Origin',(11.8210474398547,87.6351466679386,0.));
#3495=CARTESIAN_POINT('',(11.8210474398547,87.6351466679386,0.));
#3496=CARTESIAN_POINT('',(-6.9248497810027,55.1663002479494,0.));
#3497=CARTESIAN_POINT('',(11.8210474398547,87.6351466679386,10.));
#3498=CARTESIAN_POINT('',(11.8210474398547,87.6351466679386,0.));
#3499=CARTESIAN_POINT('',(10.2044666861238,84.8351466679386,10.));
#3500=CARTESIAN_POINT('Origin',(15.0542089473166,87.6351466679386,0.));
#3501=CARTESIAN_POINT('',(-10.6999645346234,87.6351466679386,0.));
#3502=CARTESIAN_POINT('',(11.8210474398547,87.6351466679386,10.));
#3503=CARTESIAN_POINT('Origin',(13.4376281935857,84.8351466679386,10.));
#3504=CARTESIAN_POINT('Origin',(13.4376281935857,84.8351466679386,0.));
#3505=CARTESIAN_POINT('',(9.44090595278249,84.6732475330761,0.));
#3506=CARTESIAN_POINT('',(9.44090595278249,84.6732475330761,0.));
#3507=CARTESIAN_POINT('',(13.5458619834366,80.8366112552238,0.));
#3508=CARTESIAN_POINT('',(13.5458619834366,80.8366112552238,0.));
#3509=CARTESIAN_POINT('Origin',(13.4376281935857,84.8351466679386,0.));
#3510=CARTESIAN_POINT('Origin',(-36.4541380165634,28.9232475330761,0.));
#3511=CARTESIAN_POINT('',(-82.6193149106227,84.6732475330761,0.));
#3512=CARTESIAN_POINT('Origin',(-86.6160371514259,84.8351466679386,0.));
#3513=CARTESIAN_POINT('',(-86.4541380165633,84.6732475330761,0.));
#3514=CARTESIAN_POINT('',(13.5458619834366,-22.5605900160196,0.));
#3515=CARTESIAN_POINT('',(13.5458619834366,84.6732475330761,0.));
#3516=CARTESIAN_POINT('',(9.28521367582517,-26.8267524669239,0.));
#3517=CARTESIAN_POINT('Origin',(13.2757290587232,-26.5514581174464,0.));
#3518=CARTESIAN_POINT('',(-82.1306338364345,-26.8267524669239,0.));
#3519=CARTESIAN_POINT('',(13.5458619834366,-26.8267524669239,0.));
#3520=CARTESIAN_POINT('Origin',(-86.1303397468384,-26.8752563871714,0.));
#3521=CARTESIAN_POINT('Origin',(13.5458619834366,-26.8267524669239,0.));
#3522=CARTESIAN_POINT('',(13.5458619834366,-22.5605900160196,0.));
#3523=CARTESIAN_POINT('Origin',(-86.6160371514259,84.8351466679386,0.));
#3524=CARTESIAN_POINT('',(-82.6193149106227,84.6732475330761,0.));
#3525=CARTESIAN_POINT('Origin',(-86.1303397468384,-26.8752563871714,0.));
#3526=CARTESIAN_POINT('',(-82.1306338364345,-26.8267524669239,0.));
#3527=CARTESIAN_POINT('Origin',(-86.1303397468384,-26.8752563871714,0.));
#3528=CARTESIAN_POINT('',(-83.2700667901533,-24.079037759586,4.));
#3529=CARTESIAN_POINT('',(-83.2700667901533,-24.079037759586,0.));
#3530=CARTESIAN_POINT('Origin',(-86.1303397468384,-26.8752563871714,4.));
#3531=CARTESIAN_POINT('Origin',(10.6219455458237,-24.079037759586,15.));
#3532=CARTESIAN_POINT('',(10.1313471522052,-24.079037759586,4.));
#3533=CARTESIAN_POINT('',(10.1313471522052,-24.079037759586,0.));
#3534=CARTESIAN_POINT('',(10.6219455458237,-24.079037759586,4.));
#3535=CARTESIAN_POINT('Origin',(-86.4541380165633,-26.8267524669239,0.));
#3536=CARTESIAN_POINT('',(9.28521367582517,-26.8267524669239,0.));
#3537=CARTESIAN_POINT('Origin',(13.2757290587232,-26.5514581174464,0.));
#3538=CARTESIAN_POINT('Origin',(13.2757290587232,-26.5514581174464,0.));
#3539=CARTESIAN_POINT('',(10.6219455458237,-23.5585610148612,4.));
#3540=CARTESIAN_POINT('',(10.6219455458237,-23.5585610148612,0.));
#3541=CARTESIAN_POINT('Origin',(13.2757290587232,-26.5514581174464,4.));
#3542=CARTESIAN_POINT('Origin',(10.6219455458237,81.920962240414,15.));
#3543=CARTESIAN_POINT('',(10.6219455458237,81.920962240414,4.));
#3544=CARTESIAN_POINT('',(10.6219455458237,81.920962240414,15.));
#3545=CARTESIAN_POINT('',(10.6219455458237,81.920962240414,4.));
#3546=CARTESIAN_POINT('Origin',(-83.3780544541763,81.920962240414,15.));
#3547=CARTESIAN_POINT('',(-83.3780544541763,81.920962240414,4.));
#3548=CARTESIAN_POINT('Origin',(13.5458619834366,84.6732475330761,0.));
#3549=CARTESIAN_POINT('Origin',(-73.3234093155504,73.0736722443723,8.));
#3550=CARTESIAN_POINT('Origin',(-73.3234093155504,73.0736722443723,6.));
#3551=CARTESIAN_POINT('Origin',(-78.9541380165633,40.5601067700261,15.));
#3552=CARTESIAN_POINT('Origin',(-78.9541380165633,64.8565765135445,9.5));
#3553=CARTESIAN_POINT('Origin',(-78.9541380165633,65.2456215489929,9.5));
#3554=CARTESIAN_POINT('Origin',(-36.3780544541763,28.920962240414,4.));
#3555=UNCERTAINTY_MEASURE_WITH_UNIT(LENGTH_MEASURE(0.01),#3559,
'DISTANCE_ACCURACY_VALUE',
'Maximum model space distance between geometric entities at asserted c
onnectivities');
#3556=UNCERTAINTY_MEASURE_WITH_UNIT(LENGTH_MEASURE(0.01),#3559,
'DISTANCE_ACCURACY_VALUE',
'Maximum model space distance between geometric entities at asserted c
onnectivities');
#3557=(
GEOMETRIC_REPRESENTATION_CONTEXT(3)
GLOBAL_UNCERTAINTY_ASSIGNED_CONTEXT((#3555))
GLOBAL_UNIT_ASSIGNED_CONTEXT((#3559,#3561,#3562))
REPRESENTATION_CONTEXT('','3D')
);
#3558=(
GEOMETRIC_REPRESENTATION_CONTEXT(3)
GLOBAL_UNCERTAINTY_ASSIGNED_CONTEXT((#3556))
GLOBAL_UNIT_ASSIGNED_CONTEXT((#3559,#3561,#3562))
REPRESENTATION_CONTEXT('','3D')
);
#3559=(
LENGTH_UNIT()
NAMED_UNIT(*)
SI_UNIT(.MILLI.,.METRE.)
);
#3560=(
LENGTH_UNIT()
NAMED_UNIT(*)
SI_UNIT($,.METRE.)
);
#3561=(
NAMED_UNIT(*)
PLANE_ANGLE_UNIT()
SI_UNIT($,.RADIAN.)
);
#3562=(
NAMED_UNIT(*)
SI_UNIT($,.STERADIAN.)
SOLID_ANGLE_UNIT()
);
#3563=SHAPE_DEFINITION_REPRESENTATION(#3564,#3565);
#3564=PRODUCT_DEFINITION_SHAPE('',$,#3567);
#3565=SHAPE_REPRESENTATION('',(#2182),#3557);
#3566=PRODUCT_DEFINITION_CONTEXT('part definition',#3571,'design');
#3567=PRODUCT_DEFINITION('Hauptgeha\X\FCse PAR','Hauptgeha\X\FCse PAR 
v7',#3568,#3566);
#3568=PRODUCT_DEFINITION_FORMATION('',$,#3573);
#3569=PRODUCT_RELATED_PRODUCT_CATEGORY('Hauptgeha\X\FCse PAR v7',
'Hauptgeha\X\FCse PAR v7',(#3573));
#3570=APPLICATION_PROTOCOL_DEFINITION('international standard',
'automotive_design',2009,#3571);
#3571=APPLICATION_CONTEXT(
'Core Data for Automotive Mechanical Design Process');
#3572=PRODUCT_CONTEXT('part definition',#3571,'mechanical');
#3573=PRODUCT('Hauptgeha\X\FCse PAR','Hauptgeha\X\FCse PAR v7',$,(#3572));
#3574=PRESENTATION_STYLE_ASSIGNMENT((#3575));
#3575=SURFACE_STYLE_USAGE(.BOTH.,#3576);
#3576=SURFACE_SIDE_STYLE('',(#3577));
#3577=SURFACE_STYLE_FILL_AREA(#3578);
#3578=FILL_AREA_STYLE('Stahl - satiniert',(#3579));
#3579=FILL_AREA_STYLE_COLOUR('Stahl - satiniert',#3580);
#3580=COLOUR_RGB('Stahl - satiniert',0.627450980392157,0.627450980392157,
0.627450980392157);
ENDSEC;
END-ISO-10303-21;
